0 1
0 2
0 4
0 5
0 7
0 8
0 9
0 10
0 13
0 16
0 18
0 23
0 24
0 25
0 27
0 31
0 34
0 37
0 38
0 40
0 43
0 45
0 46
0 48
0 49
0 50
0 51
0 52
0 54
0 55
0 56
0 57
0 59
0 60
0 63
0 64
0 69
0 70
0 71
0 73
0 75
0 79
0 84
0 85
0 87
0 89
0 91
0 92
0 93
0 94
0 98
0 108
0 109
0 112
0 113
0 115
0 117
0 119
0 121
0 122
0 124
0 125
0 128
0 129
0 133
0 137
0 139
0 140
0 141
0 142
0 143
0 144
0 147
0 148
0 150
0 152
0 153
0 159
0 162
0 163
0 167
0 168
0 170
0 171
0 172
0 174
0 176
0 178
0 179
0 180
0 181
0 183
0 184
0 188
0 189
0 191
0 193
0 194
0 195
0 197
0 198
0 199
1 3
1 4
1 8
1 9
1 11
1 19
1 20
1 21
1 22
1 26
1 28
1 30
1 31
1 36
1 38
1 40
1 41
1 42
1 43
1 45
1 47
1 50
1 51
1 52
1 53
1 54
1 57
1 59
1 60
1 61
1 62
1 63
1 67
1 68
1 70
1 75
1 77
1 78
1 80
1 82
1 83
1 86
1 88
1 90
1 91
1 92
1 94
1 95
1 97
1 101
1 103
1 104
1 105
1 108
1 109
1 114
1 115
1 116
1 117
1 118
1 119
1 120
1 122
1 123
1 124
1 125
1 127
1 128
1 129
1 131
1 132
1 133
1 135
1 137
1 138
1 140
1 143
1 144
1 151
1 154
1 156
1 160
1 161
1 164
1 165
1 166
1 167
1 168
1 169
1 170
1 176
1 177
1 180
1 182
1 183
1 184
1 186
1 187
1 188
1 189
1 190
1 191
1 193
1 196
1 197
1 198
2 2
2 4
2 5
2 12
2 13
2 17
2 19
2 21
2 22
2 24
2 25
2 26
2 29
2 32
2 33
2 34
2 37
2 39
2 40
2 43
2 44
2 47
2 48
2 51
2 53
2 60
2 61
2 63
2 66
2 69
2 70
2 72
2 73
2 75
2 76
2 77
2 79
2 81
2 82
2 85
2 87
2 88
2 90
2 91
2 92
2 94
2 95
2 99
2 100
2 106
2 107
2 108
2 110
2 112
2 115
2 116
2 117
2 120
2 121
2 123
2 124
2 125
2 132
2 135
2 136
2 140
2 141
2 143
2 150
2 151
2 155
2 156
2 157
2 159
2 160
2 163
2 164
2 167
2 169
2 170
2 171
2 172
2 174
2 176
2 178
2 179
2 180
2 181
2 182
2 183
2 185
2 187
2 189
2 190
2 193
2 195
2 197
2 199
3 0
3 3
3 6
3 7
3 8
3 9
3 10
3 11
3 13
3 14
3 15
3 19
3 21
3 26
3 27
3 29
3 32
3 33
3 35
3 37
3 41
3 43
3 46
3 48
3 49
3 51
3 52
3 55
3 59
3 60
3 68
3 69
3 70
3 73
3 74
3 75
3 78
3 79
3 82
3 87
3 92
3 93
3 95
3 96
3 100
3 101
3 102
3 103
3 104
3 108
3 109
3 111
3 115
3 120
3 121
3 123
3 124
3 126
3 127
3 131
3 132
3 134
3 137
3 139
3 141
3 147
3 148
3 149
3 151
3 152
3 154
3 155
3 156
3 158
3 164
3 165
3 167
3 168
3 169
3 172
3 174
3 180
3 182
3 183
3 184
3 186
3 188
3 194
3 195
3 199
4 1
4 2
4 3
4 4
4 5
4 10
4 12
4 13
4 16
4 18
4 23
4 27
4 28
4 30
4 31
4 35
4 36
4 37
4 38
4 39
4 40
4 41
4 42
4 43
4 51
4 52
4 54
4 56
4 59
4 61
4 66
4 75
4 76
4 77
4 78
4 79
4 83
4 84
4 86
4 87
4 88
4 90
4 91
4 92
4 94
4 98
4 103
4 104
4 107
4 116
4 118
4 119
4 120
4 121
4 122
4 124
4 130
4 131
4 132
4 133
4 135
4 137
4 139
4 141
4 142
4 144
4 145
4 147
4 148
4 149
4 150
4 151
4 153
4 154
4 155
4 156
4 157
4 158
4 160
4 165
4 166
4 168
4 170
4 172
4 174
4 175
4 179
4 181
4 183
4 185
4 186
4 187
4 189
4 190
4 191
4 192
4 193
4 194
4 195
4 196
5 1
5 2
5 3
5 4
5 5
5 7
5 12
5 13
5 16
5 17
5 19
5 24
5 25
5 26
5 27
5 30
5 31
5 38
5 41
5 42
5 45
5 54
5 55
5 58
5 62
5 65
5 67
5 69
5 72
5 73
5 75
5 78
5 81
5 82
5 85
5 86
5 88
5 89
5 91
5 92
5 95
5 97
5 99
5 104
5 106
5 108
5 110
5 111
5 114
5 115
5 116
5 118
5 119
5 121
5 125
5 126
5 127
5 128
5 130
5 132
5 134
5 137
5 138
5 140
5 141
5 142
5 143
5 144
5 145
5 147
5 148
5 151
5 152
5 154
5 155
5 156
5 157
5 158
5 163
5 164
5 166
5 167
5 168
5 171
5 175
5 182
5 183
5 188
5 189
5 194
5 196
5 197
6 0
6 2
6 3
6 4
6 6
6 7
6 8
6 12
6 14
6 17
6 19
6 28
6 29
6 30
6 31
6 32
6 33
6 35
6 36
6 39
6 40
6 41
6 42
6 43
6 46
6 47
6 48
6 50
6 51
6 52
6 54
6 58
6 59
6 62
6 64
6 67
6 68
6 69
6 71
6 73
6 75
6 79
6 81
6 82
6 83
6 88
6 90
6 91
6 92
6 95
6 96
6 97
6 99
6 105
6 108
6 109
6 110
6 115
6 117
6 119
6 120
6 122
6 123
6 125
6 126
6 128
6 131
6 134
6 136
6 138
6 139
6 144
6 145
6 149
6 153
6 154
6 157
6 158
6 159
6 161
6 163
6 164
6 165
6 167
6 168
6 171
6 174
6 176
6 177
6 183
6 185
6 187
6 191
6 193
6 198
7 1
7 3
7 4
7 5
7 7
7 9
7 10
7 11
7 15
7 16
7 17
7 18
7 19
7 21
7 22
7 26
7 27
7 29
7 31
7 34
7 35
7 39
7 41
7 45
7 46
7 47
7 48
7 49
7 50
7 51
7 52
7 56
7 58
7 60
7 62
7 63
7 64
7 65
7 66
7 68
7 69
7 73
7 75
7 76
7 78
7 86
7 93
7 95
7 96
7 99
7 101
7 102
7 103
7 104
7 105
7 106
7 110
7 113
7 117
7 120
7 123
7 124
7 125
7 127
7 130
7 131
7 133
7 134
7 137
7 138
7 140
7 141
7 142
7 147
7 149
7 150
7 151
7 152
7 153
7 155
7 157
7 159
7 160
7 161
7 162
7 165
7 167
7 168
7 169
7 170
7 171
7 175
7 176
7 177
7 185
7 186
7 187
7 188
7 189
7 193
7 194
7 197
7 198
8 2
8 4
8 6
8 9
8 10
8 12
8 14
8 16
8 19
8 20
8 21
8 22
8 23
8 25
8 26
8 27
8 32
8 36
8 37
8 38
8 39
8 40
8 41
8 43
8 45
8 46
8 48
8 49
8 53
8 54
8 55
8 56
8 57
8 58
8 59
8 61
8 62
8 63
8 64
8 65
8 66
8 67
8 69
8 73
8 74
8 75
8 77
8 78
8 79
8 80
8 83
8 84
8 89
8 92
8 93
8 99
8 103
8 104
8 106
8 108
8 111
8 113
8 116
8 121
8 124
8 125
8 126
8 128
8 129
8 131
8 132
8 135
8 141
8 143
8 144
8 147
8 148
8 149
8 152
8 153
8 157
8 159
8 162
8 164
8 166
8 168
8 170
8 171
8 172
8 173
8 175
8 176
8 177
8 178
8 179
8 180
8 181
8 182
8 183
8 184
8 186
8 187
8 190
8 191
8 192
8 193
8 195
8 197
9 8
9 13
9 14
9 15
9 20
9 21
9 23
9 28
9 30
9 33
9 37
9 40
9 41
9 42
9 43
9 45
9 46
9 47
9 49
9 51
9 52
9 53
9 55
9 59
9 61
9 64
9 65
9 66
9 70
9 71
9 74
9 76
9 77
9 78
9 79
9 83
9 86
9 87
9 90
9 91
9 92
9 96
9 99
9 100
9 103
9 104
9 109
9 110
9 116
9 119
9 122
9 123
9 124
9 125
9 126
9 128
9 129
9 130
9 132
9 133
9 134
9 136
9 140
9 144
9 148
9 149
9 151
9 154
9 155
9 157
9 159
9 163
9 164
9 167
9 168
9 169
9 170
9 173
9 175
9 182
9 183
9 185
9 186
9 190
9 191
9 194
9 196
9 197
9 198
9 199
10 0
10 1
10 2
10 3
10 4
10 5
10 7
10 8
10 12
10 14
10 16
10 17
10 18
10 19
10 23
10 25
10 30
10 31
10 33
10 37
10 38
10 39
10 41
10 42
10 46
10 48
10 51
10 52
10 53
10 54
10 55
10 60
10 62
10 64
10 68
10 70
10 73
10 74
10 75
10 76
10 78
10 79
10 81
10 83
10 87
10 88
10 90
10 91
10 93
10 94
10 97
10 99
10 100
10 102
10 103
10 104
10 107
10 108
10 110
10 115
10 118
10 120
10 123
10 126
10 128
10 135
10 136
10 137
10 138
10 140
10 143
10 149
10 151
10 154
10 155
10 156
10 157
10 158
10 163
10 164
10 165
10 166
10 175
10 176
10 178
10 179
10 180
10 182
10 183
10 188
10 189
10 191
10 194
10 195
10 197
10 199
11 1
11 2
11 3
11 4
11 6
11 7
11 9
11 10
11 12
11 13
11 14
11 15
11 16
11 17
11 19
11 20
11 22
11 23
11 27
11 28
11 31
11 33
11 35
11 38
11 41
11 42
11 43
11 45
11 48
11 50
11 51
11 52
11 54
11 55
11 56
11 59
11 61
11 64
11 65
11 66
11 67
11 68
11 72
11 76
11 78
11 80
11 81
11 87
11 88
11 90
11 94
11 95
11 96
11 98
11 99
11 100
11 102
11 103
11 106
11 107
11 108
11 110
11 111
11 114
11 115
11 120
11 121
11 123
11 124
11 125
11 126
11 128
11 130
11 134
11 138
11 139
11 141
11 143
11 153
11 155
11 157
11 158
11 162
11 163
11 169
11 170
11 173
11 174
11 176
11 177
11 181
11 183
11 184
11 188
11 189
11 192
11 195
11 196
11 198
12 0
12 2
12 3
12 8
12 10
12 12
12 15
12 26
12 28
12 29
12 30
12 31
12 32
12 36
12 37
12 38
12 39
12 41
12 42
12 44
12 47
12 49
12 50
12 51
12 52
12 53
12 54
12 55
12 56
12 59
12 60
12 61
12 64
12 65
12 69
12 75
12 76
12 77
12 78
12 80
12 82
12 84
12 85
12 87
12 88
12 90
12 92
12 94
12 95
12 96
12 100
12 105
12 107
12 109
12 110
12 112
12 114
12 118
12 120
12 121
12 122
12 124
12 125
12 127
12 130
12 135
12 136
12 137
12 138
12 139
12 143
12 145
12 147
12 153
12 154
12 155
12 159
12 161
12 165
12 167
12 168
12 169
12 170
12 175
12 176
12 178
12 179
12 180
12 181
12 182
12 183
12 186
12 188
12 189
12 192
12 193
12 194
12 196
12 197
12 199
13 0
13 1
13 3
13 4
13 5
13 6
13 7
13 8
13 10
13 14
13 16
13 19
13 23
13 25
13 26
13 27
13 29
13 31
13 32
13 35
13 36
13 38
13 39
13 41
13 46
13 50
13 51
13 57
13 59
13 61
13 62
13 68
13 69
13 71
13 73
13 75
13 78
13 80
13 81
13 84
13 87
13 90
13 97
13 103
13 105
13 106
13 108
13 109
13 113
13 114
13 115
13 118
13 119
13 121
13 123
13 124
13 126
13 127
13 129
13 130
13 131
13 132
13 134
13 136
13 138
13 140
13 142
13 143
13 144
13 145
13 146
13 147
13 148
13 149
13 150
13 151
13 153
13 156
13 157
13 164
13 165
13 166
13 168
13 174
13 175
13 176
13 180
13 184
13 185
13 186
13 187
13 190
13 191
13 192
13 193
13 194
13 197
13 198
13 199
14 3
14 5
14 8
14 12
14 14
14 15
14 16
14 19
14 20
14 21
14 24
14 26
14 31
14 32
14 33
14 36
14 39
14 42
14 43
14 44
14 45
14 47
14 48
14 49
14 51
14 52
14 53
14 54
14 55
14 58
14 62
14 65
14 66
14 68
14 69
14 71
14 72
14 75
14 80
14 82
14 84
14 85
14 87
14 88
14 91
14 92
14 93
14 94
14 99
14 101
14 102
14 103
14 106
14 109
14 110
14 111
14 112
14 113
14 116
14 117
14 120
14 121
14 122
14 123
14 126
14 127
14 128
14 130
14 131
14 133
14 134
14 136
14 137
14 138
14 139
14 141
14 147
14 154
14 160
14 162
14 163
14 165
14 167
14 170
14 173
14 175
14 176
14 179
14 180
14 181
14 182
14 186
14 187
14 188
14 189
14 191
14 192
14 194
14 196
15 0
15 3
15 4
15 5
15 6
15 7
15 10
15 11
15 12
15 17
15 18
15 24
15 25
15 29
15 37
15 41
15 46
15 47
15 48
15 49
15 54
15 55
15 56
15 59
15 61
15 62
15 63
15 65
15 67
15 71
15 74
15 78
15 79
15 80
15 82
15 83
15 86
15 87
15 88
15 89
15 90
15 91
15 94
15 95
15 97
15 98
15 101
15 102
15 105
15 107
15 109
15 110
15 112
15 113
15 114
15 115
15 117
15 119
15 122
15 123
15 124
15 125
15 126
15 129
15 130
15 133
15 137
15 139
15 141
15 142
15 147
15 148
15 149
15 150
15 152
15 154
15 157
15 159
15 160
15 163
15 164
15 165
15 166
15 167
15 168
15 169
15 170
15 171
15 178
15 179
15 181
15 183
15 184
15 185
15 186
15 187
15 188
15 194
15 195
15 196
15 197
15 198
16 0
16 2
16 8
16 10
16 11
16 13
16 14
16 17
16 18
16 19
16 20
16 21
16 22
16 23
16 27
16 28
16 31
16 33
16 35
16 40
16 42
16 50
16 54
16 55
16 57
16 62
16 64
16 65
16 67
16 70
16 71
16 72
16 73
16 74
16 75
16 77
16 79
16 80
16 82
16 83
16 84
16 85
16 91
16 92
16 95
16 100
16 102
16 103
16 104
16 107
16 112
16 115
16 116
16 117
16 119
16 121
16 123
16 124
16 126
16 127
16 128
16 129
16 130
16 132
16 133
16 134
16 136
16 138
16 143
16 145
16 150
16 151
16 153
16 156
16 157
16 160
16 165
16 166
16 168
16 169
16 172
16 174
16 175
16 177
16 181
16 184
16 186
16 187
16 192
16 196
16 198
17 0
17 2
17 3
17 8
17 9
17 10
17 13
17 15
17 19
17 20
17 23
17 27
17 31
17 34
17 35
17 37
17 40
17 41
17 43
17 45
17 47
17 50
17 52
17 53
17 55
17 57
17 59
17 61
17 62
17 66
17 68
17 71
17 72
17 75
17 76
17 78
17 79
17 83
17 84
17 85
17 87
17 89
17 91
17 93
17 96
17 97
17 99
17 101
17 103
17 104
17 106
17 107
17 110
17 111
17 112
17 114
17 115
17 116
17 117
17 118
17 120
17 121
17 125
17 126
17 127
17 128
17 131
17 133
17 134
17 145
17 147
17 148
17 152
17 153
17 154
17 156
17 157
17 158
17 159
17 160
17 164
17 165
17 166
17 167
17 168
17 170
17 172
17 174
17 175
17 177
17 179
17 181
17 183
17 187
17 188
17 189
17 190
17 191
17 192
17 193
17 194
17 196
17 199
18 0
18 2
18 3
18 5
18 7
18 10
18 13
18 15
18 17
18 18
18 20
18 25
18 29
18 30
18 31
18 32
18 33
18 34
18 38
18 39
18 41
18 42
18 43
18 44
18 45
18 49
18 56
18 59
18 60
18 61
18 62
18 63
18 65
18 66
18 68
18 70
18 72
18 74
18 75
18 77
18 78
18 82
18 83
18 85
18 87
18 88
18 91
18 92
18 93
18 95
18 98
18 100
18 101
18 103
18 104
18 107
18 108
18 111
18 112
18 122
18 125
18 126
18 128
18 129
18 131
18 135
18 136
18 137
18 138
18 139
18 140
18 143
18 144
18 146
18 148
18 151
18 152
18 154
18 155
18 157
18 158
18 159
18 160
18 163
18 166
18 167
18 170
18 171
18 172
18 173
18 175
18 176
18 177
18 178
18 181
18 182
18 183
18 184
18 188
18 189
18 192
18 197
19 5
19 8
19 9
19 14
19 16
19 18
19 19
19 21
19 22
19 26
19 27
19 28
19 29
19 30
19 32
19 34
19 37
19 41
19 42
19 43
19 44
19 45
19 46
19 48
19 49
19 50
19 51
19 54
19 57
19 58
19 59
19 60
19 61
19 63
19 71
19 72
19 74
19 77
19 78
19 79
19 80
19 83
19 85
19 87
19 88
19 92
19 95
19 98
19 99
19 102
19 104
19 106
19 109
19 110
19 111
19 113
19 116
19 118
19 119
19 120
19 122
19 124
19 125
19 126
19 127
19 128
19 131
19 134
19 135
19 138
19 139
19 141
19 145
19 146
19 148
19 150
19 152
19 153
19 154
19 157
19 158
19 161
19 163
19 165
19 167
19 168
19 173
19 175
19 177
19 179
19 182
19 185
19 189
19 190
19 193
19 194
19 198
20 5
20 7
20 8
20 10
20 12
20 13
20 17
20 18
20 19
20 21
20 23
20 24
20 25
20 27
20 28
20 30
20 32
20 34
20 35
20 36
20 41
20 48
20 50
20 51
20 54
20 58
20 59
20 61
20 62
20 63
20 64
20 65
20 67
20 68
20 72
20 73
20 74
20 76
20 81
20 82
20 83
20 85
20 89
20 91
20 92
20 94
20 96
20 98
20 101
20 105
20 107
20 108
20 109
20 110
20 112
20 118
20 119
20 122
20 125
20 126
20 127
20 131
20 132
20 133
20 134
20 136
20 137
20 138
20 140
20 142
20 145
20 148
20 149
20 150
20 151
20 152
20 157
20 158
20 162
20 166
20 168
20 174
20 176
20 178
20 181
20 182
20 183
20 184
20 186
20 187
20 188
20 190
20 191
20 192
20 193
20 195
20 196
20 197
20 198
21 1
21 2
21 3
21 4
21 7
21 9
21 12
21 13
21 15
21 16
21 19
21 20
21 22
21 23
21 24
21 26
21 28
21 29
21 30
21 34
21 36
21 37
21 41
21 42
21 44
21 46
21 52
21 54
21 55
21 57
21 58
21 61
21 62
21 64
21 66
21 68
21 69
21 70
21 74
21 77
21 80
21 83
21 84
21 86
21 87
21 88
21 89
21 90
21 91
21 99
21 103
21 104
21 107
21 109
21 110
21 111
21 112
21 113
21 114
21 116
21 118
21 119
21 123
21 125
21 126
21 129
21 131
21 132
21 133
21 136
21 137
21 139
21 141
21 143
21 144
21 146
21 148
21 149
21 150
21 151
21 152
21 154
21 156
21 157
21 159
21 162
21 164
21 165
21 166
21 168
21 169
21 171
21 173
21 179
21 183
21 184
21 185
21 186
21 190
21 194
21 195
21 198
21 199
22 4
22 5
22 6
22 7
22 8
22 11
22 14
22 15
22 16
22 18
22 22
22 23
22 27
22 35
22 40
22 41
22 43
22 48
22 49
22 50
22 52
22 55
22 56
22 57
22 58
22 59
22 61
22 62
22 66
22 67
22 68
22 70
22 75
22 77
22 81
22 82
22 83
22 86
22 87
22 90
22 91
22 92
22 93
22 94
22 97
22 98
22 101
22 104
22 105
22 106
22 110
22 111
22 116
22 117
22 122
22 123
22 125
22 126
22 128
22 131
22 132
22 134
22 136
22 137
22 139
22 140
22 142
22 143
22 147
22 157
22 158
22 161
22 168
22 171
22 172
22 174
22 179
22 180
22 182
22 186
22 187
22 188
22 189
22 190
22 192
22 196
22 197
22 198
22 199
23 0
23 1
23 3
23 4
23 5
23 8
23 9
23 10
23 14
23 20
23 21
23 23
23 24
23 25
23 26
23 30
23 32
23 35
23 39
23 40
23 42
23 45
23 46
23 47
23 48
23 49
23 50
23 51
23 52
23 55
23 58
23 59
23 60
23 64
23 69
23 72
23 80
23 84
23 85
23 86
23 87
23 89
23 93
23 94
23 95
23 97
23 98
23 100
23 103
23 104
23 105
23 106
23 107
23 108
23 111
23 117
23 118
23 119
23 124
23 125
23 126
23 128
23 131
23 132
23 134
23 135
23 136
23 137
23 147
23 148
23 151
23 152
23 154
23 156
23 159
23 161
23 162
23 164
23 165
23 166
23 174
23 175
23 176
23 179
23 182
23 183
23 184
23 188
23 189
23 190
23 193
23 196
23 199
24 1
24 3
24 4
24 9
24 11
24 13
24 14
24 15
24 17
24 19
24 22
24 23
24 24
24 25
24 28
24 31
24 34
24 35
24 37
24 38
24 40
24 41
24 42
24 43
24 44
24 46
24 48
24 50
24 52
24 53
24 60
24 63
24 65
24 66
24 67
24 68
24 69
24 73
24 75
24 82
24 83
24 85
24 86
24 87
24 88
24 93
24 94
24 100
24 101
24 102
24 104
24 107
24 108
24 109
24 113
24 114
24 115
24 120
24 123
24 124
24 127
24 130
24 132
24 137
24 139
24 146
24 147
24 150
24 153
24 155
24 157
24 158
24 163
24 164
24 174
24 176
24 180
24 181
24 182
24 184
24 187
24 193
24 194
24 197
24 199
25 0
25 1
25 3
25 4
25 6
25 7
25 13
25 15
25 16
25 17
25 19
25 22
25 23
25 26
25 31
25 33
25 34
25 35
25 36
25 37
25 38
25 43
25 46
25 48
25 49
25 50
25 51
25 52
25 53
25 54
25 55
25 56
25 57
25 61
25 62
25 65
25 68
25 70
25 72
25 73
25 74
25 80
25 82
25 83
25 84
25 87
25 88
25 89
25 92
25 94
25 97
25 99
25 100
25 101
25 102
25 103
25 104
25 105
25 106
25 107
25 110
25 113
25 116
25 117
25 118
25 120
25 121
25 125
25 126
25 127
25 128
25 130
25 131
25 133
25 134
25 135
25 136
25 137
25 138
25 139
25 140
25 144
25 150
25 151
25 153
25 157
25 161
25 163
25 164
25 169
25 170
25 172
25 173
25 175
25 179
25 181
25 183
25 184
25 187
25 190
25 192
25 195
25 196
25 197
25 198
25 199
26 1
26 2
26 3
26 5
26 6
26 9
26 10
26 13
26 14
26 17
26 21
26 23
26 25
26 26
26 27
26 29
26 31
26 32
26 34
26 38
26 40
26 41
26 43
26 45
26 46
26 49
26 50
26 51
26 52
26 53
26 56
26 59
26 62
26 64
26 65
26 69
26 71
26 74
26 76
26 79
26 80
26 81
26 85
26 86
26 87
26 89
26 90
26 94
26 95
26 99
26 102
26 104
26 106
26 107
26 118
26 119
26 124
26 125
26 127
26 131
26 133
26 146
26 147
26 150
26 151
26 152
26 153
26 160
26 161
26 162
26 163
26 164
26 165
26 167
26 170
26 171
26 172
26 175
26 176
26 177
26 180
26 181
26 183
26 184
26 185
26 186
26 188
26 193
26 196
27 2
27 3
27 5
27 12
27 13
27 14
27 15
27 17
27 18
27 19
27 20
27 25
27 30
27 31
27 32
27 34
27 35
27 37
27 40
27 43
27 45
27 47
27 48
27 54
27 55
27 60
27 61
27 71
27 72
27 73
27 74
27 76
27 80
27 81
27 83
27 85
27 87
27 88
27 90
27 91
27 92
27 93
27 96
27 98
27 99
27 100
27 101
27 104
27 105
27 107
27 109
27 110
27 112
27 113
27 115
27 116
27 117
27 119
27 122
27 124
27 126
27 128
27 129
27 131
27 132
27 135
27 136
27 137
27 138
27 139
27 141
27 144
27 146
27 147
27 149
27 150
27 153
27 154
27 155
27 160
27 161
27 162
27 163
27 165
27 166
27 167
27 169
27 173
27 176
27 177
27 178
27 180
27 182
27 186
27 188
27 189
27 191
27 192
27 193
27 194
27 199
28 0
28 1
28 3
28 8
28 10
28 11
28 12
28 13
28 14
28 16
28 18
28 20
28 21
28 22
28 23
28 27
28 28
28 30
28 31
28 32
28 33
28 37
28 38
28 40
28 41
28 46
28 48
28 51
28 52
28 53
28 54
28 56
28 58
28 62
28 63
28 64
28 65
28 68
28 70
28 73
28 74
28 75
28 77
28 79
28 82
28 83
28 84
28 87
28 89
28 92
28 93
28 98
28 102
28 103
28 105
28 106
28 110
28 112
28 113
28 116
28 117
28 118
28 120
28 121
28 123
28 124
28 125
28 126
28 128
28 129
28 130
28 131
28 132
28 133
28 134
28 135
28 138
28 139
28 141
28 143
28 146
28 147
28 148
28 149
28 151
28 152
28 153
28 154
28 156
28 158
28 159
28 161
28 163
28 166
28 169
28 170
28 171
28 172
28 173
28 175
28 177
28 178
28 180
28 185
28 188
28 190
28 191
28 193
28 196
28 199
29 0
29 3
29 4
29 7
29 8
29 9
29 12
29 13
29 14
29 15
29 16
29 18
29 21
29 24
29 27
29 28
29 30
29 31
29 33
29 36
29 40
29 42
29 43
29 45
29 48
29 49
29 50
29 51
29 54
29 56
29 57
29 58
29 59
29 63
29 67
29 69
29 73
29 74
29 75
29 78
29 80
29 81
29 84
29 85
29 86
29 87
29 88
29 89
29 90
29 93
29 95
29 96
29 97
29 101
29 104
29 105
29 107
29 108
29 109
29 112
29 114
29 116
29 117
29 118
29 119
29 120
29 122
29 123
29 125
29 127
29 131
29 132
29 139
29 144
29 145
29 148
29 149
29 150
29 153
29 154
29 155
29 157
29 159
29 163
29 164
29 165
29 166
29 170
29 171
29 172
29 173
29 178
29 179
29 180
29 182
29 184
29 185
29 186
29 190
29 194
30 3
30 5
30 8
30 9
30 10
30 11
30 12
30 13
30 14
30 17
30 24
30 28
30 29
30 31
30 34
30 35
30 36
30 40
30 42
30 44
30 46
30 48
30 51
30 53
30 57
30 58
30 61
30 67
30 71
30 75
30 76
30 77
30 78
30 80
30 81
30 82
30 83
30 86
30 87
30 88
30 89
30 97
30 100
30 101
30 103
30 104
30 106
30 107
30 108
30 110
30 111
30 114
30 118
30 119
30 123
30 124
30 126
30 127
30 129
30 130
30 131
30 134
30 137
30 138
30 140
30 141
30 142
30 143
30 144
30 146
30 147
30 149
30 151
30 154
30 155
30 157
30 160
30 168
30 169
30 170
30 171
30 172
30 177
30 179
30 181
30 182
30 186
30 189
30 192
30 193
30 194
30 195
30 196
30 198
30 199
31 3
31 5
31 7
31 9
31 10
31 15
31 16
31 18
31 22
31 23
31 25
31 26
31 27
31 28
31 31
31 33
31 34
31 35
31 36
31 37
31 38
31 40
31 41
31 49
31 51
31 53
31 54
31 55
31 56
31 57
31 59
31 60
31 61
31 65
31 66
31 67
31 70
31 72
31 73
31 75
31 76
31 79
31 81
31 82
31 87
31 88
31 89
31 93
31 94
31 95
31 96
31 97
31 99
31 100
31 102
31 103
31 107
31 109
31 112
31 113
31 114
31 115
31 116
31 117
31 124
31 125
31 126
31 127
31 129
31 130
31 132
31 133
31 136
31 138
31 139
31 141
31 145
31 151
31 152
31 153
31 154
31 157
31 160
31 161
31 168
31 170
31 171
31 173
31 176
31 177
31 181
31 182
31 183
31 187
31 188
31 190
31 191
31 193
31 194
31 196
31 197
31 198
31 199
32 1
32 2
32 4
32 7
32 9
32 11
32 14
32 15
32 16
32 17
32 18
32 19
32 20
32 21
32 24
32 25
32 26
32 28
32 30
32 32
32 33
32 34
32 35
32 36
32 38
32 40
32 41
32 42
32 43
32 45
32 47
32 50
32 51
32 53
32 55
32 59
32 61
32 62
32 63
32 66
32 67
32 68
32 69
32 71
32 72
32 74
32 75
32 79
32 80
32 84
32 86
32 88
32 89
32 92
32 93
32 95
32 98
32 99
32 100
32 102
32 103
32 104
32 105
32 107
32 108
32 109
32 110
32 111
32 112
32 114
32 115
32 119
32 121
32 124
32 126
32 128
32 132
32 134
32 135
32 137
32 138
32 139
32 140
32 142
32 144
32 145
32 146
32 148
32 150
32 151
32 158
32 160
32 164
32 168
32 174
32 175
32 180
32 182
32 187
32 188
32 190
32 191
32 195
32 197
32 199
33 0
33 1
33 2
33 3
33 4
33 5
33 6
33 11
33 16
33 19
33 20
33 22
33 24
33 25
33 26
33 28
33 29
33 31
33 32
33 34
33 35
33 36
33 38
33 40
33 42
33 45
33 46
33 48
33 50
33 51
33 53
33 55
33 56
33 59
33 60
33 62
33 64
33 66
33 68
33 76
33 78
33 84
33 85
33 86
33 88
33 90
33 93
33 94
33 98
33 99
33 100
33 103
33 104
33 105
33 106
33 107
33 108
33 110
33 111
33 118
33 120
33 121
33 122
33 123
33 125
33 127
33 128
33 129
33 132
33 133
33 135
33 137
33 138
33 140
33 141
33 143
33 146
33 150
33 151
33 154
33 156
33 159
33 160
33 164
33 166
33 168
33 169
33 171
33 172
33 174
33 175
33 176
33 177
33 178
33 180
33 182
33 184
33 185
33 186
33 193
33 194
33 196
33 198
33 199
34 1
34 2
34 5
34 8
34 9
34 16
34 17
34 21
34 22
34 23
34 26
34 28
34 32
34 36
34 39
34 41
34 42
34 45
34 46
34 47
34 49
34 52
34 57
34 58
34 61
34 65
34 66
34 67
34 68
34 69
34 70
34 73
34 74
34 77
34 79
34 81
34 82
34 83
34 85
34 86
34 87
34 88
34 92
34 95
34 97
34 105
34 107
34 109
34 113
34 115
34 116
34 119
34 120
34 122
34 123
34 124
34 126
34 128
34 130
34 131
34 132
34 133
34 135
34 138
34 140
34 142
34 145
34 146
34 147
34 148
34 149
34 150
34 151
34 157
34 158
34 160
34 161
34 162
34 163
34 165
34 170
34 173
34 174
34 176
34 180
34 181
34 182
34 185
34 186
34 192
34 196
34 198
35 0
35 1
35 2
35 3
35 4
35 6
35 7
35 8
35 9
35 11
35 13
35 14
35 15
35 18
35 20
35 21
35 22
35 24
35 27
35 29
35 33
35 34
35 35
35 37
35 39
35 40
35 43
35 44
35 45
35 46
35 48
35 49
35 50
35 51
35 53
35 54
35 58
35 61
35 62
35 63
35 64
35 68
35 69
35 71
35 73
35 74
35 77
35 78
35 80
35 81
35 82
35 87
35 88
35 90
35 91
35 92
35 95
35 99
35 101
35 102
35 103
35 107
35 110
35 114
35 117
35 121
35 123
35 124
35 127
35 136
35 140
35 141
35 144
35 150
35 151
35 153
35 154
35 155
35 158
35 159
35 160
35 162
35 163
35 164
35 165
35 166
35 169
35 172
35 174
35 175
35 187
35 190
35 191
35 194
35 196
36 0
36 1
36 3
36 4
36 6
36 7
36 8
36 10
36 11
36 13
36 15
36 17
36 18
36 19
36 22
36 24
36 26
36 28
36 32
36 33
36 35
36 36
36 40
36 41
36 42
36 43
36 44
36 46
36 47
36 49
36 50
36 51
36 54
36 55
36 60
36 61
36 65
36 66
36 67
36 71
36 72
36 75
36 76
36 77
36 78
36 82
36 84
36 86
36 88
36 89
36 90
36 92
36 93
36 94
36 95
36 97
36 98
36 99
36 103
36 105
36 106
36 107
36 108
36 109
36 110
36 113
36 114
36 116
36 117
36 118
36 119
36 122
36 123
36 124
36 128
36 129
36 132
36 133
36 134
36 135
36 138
36 139
36 140
36 145
36 146
36 147
36 148
36 151
36 152
36 157
36 162
36 163
36 164
36 169
36 171
36 173
36 179
36 180
36 182
36 183
36 185
36 188
36 189
36 190
36 193
36 194
36 195
36 196
36 199
37 1
37 4
37 5
37 6
37 8
37 9
37 11
37 13
37 14
37 19
37 20
37 24
37 25
37 26
37 27
37 28
37 30
37 32
37 33
37 34
37 38
37 40
37 42
37 43
37 44
37 46
37 47
37 50
37 51
37 52
37 54
37 56
37 57
37 60
37 63
37 68
37 69
37 71
37 73
37 77
37 79
37 81
37 82
37 83
37 86
37 87
37 90
37 91
37 92
37 95
37 96
37 97
37 99
37 100
37 101
37 103
37 105
37 106
37 107
37 109
37 116
37 117
37 118
37 119
37 120
37 122
37 123
37 127
37 129
37 130
37 133
37 134
37 135
37 138
37 140
37 143
37 145
37 146
37 147
37 150
37 152
37 154
37 158
37 159
37 160
37 164
37 165
37 166
37 167
37 172
37 173
37 175
37 176
37 178
37 180
37 181
37 182
37 183
37 185
37 186
37 191
37 192
37 193
37 198
38 0
38 1
38 5
38 7
38 8
38 11
38 12
38 13
38 14
38 16
38 17
38 18
38 24
38 29
38 30
38 32
38 33
38 36
38 38
38 39
38 42
38 44
38 47
38 50
38 52
38 54
38 57
38 58
38 59
38 60
38 64
38 66
38 69
38 71
38 72
38 73
38 75
38 80
38 82
38 83
38 85
38 86
38 88
38 93
38 96
38 97
38 99
38 100
38 102
38 104
38 107
38 108
38 109
38 110
38 112
38 113
38 117
38 118
38 119
38 121
38 122
38 125
38 127
38 129
38 130
38 132
38 133
38 135
38 136
38 137
38 138
38 141
38 142
38 143
38 144
38 145
38 147
38 148
38 151
38 152
38 154
38 155
38 156
38 157
38 159
38 160
38 162
38 166
38 167
38 169
38 172
38 173
38 175
38 176
38 179
38 181
38 182
38 185
38 186
38 187
38 189
38 193
38 194
38 197
39 1
39 5
39 8
39 10
39 12
39 16
39 17
39 18
39 21
39 26
39 28
39 30
39 32
39 35
39 40
39 41
39 44
39 45
39 46
39 47
39 48
39 49
39 51
39 53
39 54
39 55
39 56
39 57
39 59
39 60
39 63
39 64
39 65
39 68
39 69
39 70
39 73
39 76
39 79
39 80
39 81
39 83
39 84
39 88
39 89
39 92
39 94
39 95
39 96
39 98
39 99
39 100
39 101
39 103
39 107
39 108
39 111
39 112
39 114
39 117
39 121
39 124
39 125
39 126
39 127
39 129
39 131
39 137
39 138
39 140
39 141
39 143
39 144
39 145
39 148
39 149
39 152
39 153
39 156
39 157
39 160
39 161
39 162
39 163
39 165
39 170
39 173
39 175
39 176
39 177
39 179
39 180
39 181
39 184
39 186
39 188
39 189
39 190
39 192
39 193
39 196
39 197
39 199
40 0
40 4
40 5
40 7
40 9
40 10
40 14
40 15
40 17
40 18
40 19
40 21
40 22
40 25
40 28
40 31
40 32
40 33
40 36
40 37
40 38
40 39
40 40
40 41
40 42
40 46
40 48
40 50
40 51
40 52
40 53
40 54
40 62
40 63
40 64
40 65
40 67
40 70
40 71
40 72
40 73
40 74
40 75
40 76
40 77
40 78
40 79
40 80
40 82
40 86
40 87
40 88
40 93
40 94
40 96
40 98
40 100
40 101
40 102
40 104
40 105
40 107
40 109
40 111
40 112
40 115
40 116
40 117
40 119
40 120
40 121
40 122
40 125
40 127
40 129
40 135
40 141
40 146
40 149
40 150
40 151
40 152
40 154
40 155
40 159
40 161
40 162
40 163
40 166
40 173
40 174
40 178
40 179
40 180
40 181
40 182
40 183
40 184
40 187
40 191
40 192
40 195
40 196
41 1
41 5
41 6
41 7
41 8
41 9
41 10
41 11
41 12
41 13
41 16
41 17
41 18
41 21
41 23
41 24
41 26
41 27
41 28
41 30
41 31
41 33
41 37
41 38
41 39
41 43
41 45
41 49
41 52
41 53
41 57
41 62
41 63
41 66
41 67
41 68
41 70
41 73
41 74
41 77
41 78
41 81
41 82
41 84
41 85
41 88
41 93
41 94
41 95
41 96
41 97
41 98
41 99
41 101
41 102
41 104
41 106
41 107
41 108
41 109
41 113
41 114
41 117
41 123
41 124
41 125
41 129
41 130
41 131
41 132
41 135
41 137
41 138
41 147
41 149
41 150
41 154
41 158
41 160
41 164
41 165
41 166
41 167
41 168
41 169
41 170
41 171
41 174
41 179
41 181
41 185
41 187
41 188
41 189
41 193
41 194
41 197
41 198
41 199
42 8
42 9
42 11
42 15
42 17
42 19
42 21
42 24
42 26
42 28
42 31
42 34
42 35
42 37
42 38
42 39
42 40
42 42
42 43
42 44
42 45
42 46
42 49
42 50
42 56
42 63
42 64
42 66
42 67
42 68
42 69
42 71
42 72
42 73
42 74
42 75
42 78
42 79
42 81
42 83
42 84
42 85
42 87
42 88
42 98
42 101
42 102
42 105
42 107
42 108
42 109
42 111
42 112
42 113
42 114
42 116
42 120
42 121
42 122
42 123
42 124
42 126
42 130
42 133
42 134
42 135
42 136
42 138
42 139
42 140
42 142
42 147
42 148
42 149
42 151
42 153
42 155
42 156
42 157
42 158
42 159
42 160
42 163
42 165
42 166
42 167
42 168
42 173
42 175
42 178
42 180
42 181
42 185
42 187
42 190
42 191
42 194
42 196
42 198
42 199
43 0
43 3
43 8
43 9
43 11
43 12
43 14
43 15
43 16
43 19
43 22
43 24
43 25
43 27
43 28
43 29
43 31
43 32
43 34
43 37
43 39
43 40
43 42
43 43
43 46
43 47
43 56
43 58
43 59
43 60
43 61
43 62
43 65
43 67
43 69
43 71
43 72
43 76
43 77
43 78
43 81
43 82
43 85
43 88
43 91
43 94
43 96
43 102
43 104
43 105
43 107
43 109
43 110
43 111
43 113
43 116
43 121
43 122
43 124
43 127
43 128
43 130
43 133
43 134
43 136
43 138
43 140
43 145
43 146
43 148
43 149
43 150
43 152
43 154
43 158
43 159
43 161
43 163
43 165
43 166
43 167
43 169
43 170
43 172
43 175
43 176
43 179
43 180
43 181
43 183
43 184
43 190
43 191
43 192
43 193
43 197
44 0
44 2
44 4
44 6
44 8
44 11
44 12
44 13
44 16
44 17
44 21
44 22
44 23
44 24
44 27
44 28
44 32
44 34
44 35
44 36
44 37
44 40
44 42
44 45
44 46
44 47
44 48
44 50
44 53
44 56
44 58
44 63
44 65
44 67
44 68
44 69
44 70
44 71
44 75
44 76
44 83
44 88
44 89
44 91
44 92
44 96
44 99
44 101
44 102
44 105
44 107
44 109
44 111
44 112
44 113
44 114
44 115
44 119
44 120
44 121
44 123
44 124
44 126
44 128
44 129
44 130
44 132
44 133
44 134
44 136
44 137
44 138
44 141
44 147
44 153
44 154
44 156
44 160
44 162
44 163
44 164
44 167
44 174
44 176
44 177
44 178
44 180
44 181
44 182
44 184
44 185
44 186
44 187
44 191
44 192
44 194
44 198
44 199
45 0
45 3
45 5
45 7
45 8
45 10
45 16
45 17
45 19
45 20
45 21
45 26
45 28
45 30
45 31
45 32
45 33
45 34
45 36
45 37
45 39
45 40
45 42
45 45
45 46
45 48
45 54
45 55
45 56
45 57
45 61
45 62
45 63
45 64
45 66
45 67
45 68
45 69
45 73
45 74
45 77
45 81
45 83
45 84
45 85
45 87
45 88
45 99
45 103
45 105
45 106
45 107
45 109
45 110
45 111
45 112
45 113
45 115
45 116
45 118
45 119
45 120
45 121
45 123
45 125
45 131
45 132
45 133
45 134
45 135
45 142
45 146
45 148
45 150
45 154
45 156
45 157
45 158
45 160
45 161
45 162
45 163
45 164
45 166
45 167
45 168
45 174
45 175
45 178
45 179
45 180
45 182
45 184
45 187
45 188
45 189
45 195
45 198
45 199
46 0
46 5
46 6
46 8
46 9
46 11
46 12
46 13
46 14
46 16
46 17
46 19
46 25
46 26
46 27
46 30
46 33
46 34
46 35
46 38
46 41
46 42
46 43
46 44
46 45
46 47
46 48
46 49
46 51
46 53
46 55
46 56
46 59
46 60
46 62
46 67
46 68
46 71
46 72
46 74
46 75
46 77
46 78
46 80
46 81
46 84
46 85
46 87
46 88
46 96
46 102
46 105
46 107
46 111
46 112
46 113
46 117
46 120
46 123
46 126
46 128
46 131
46 132
46 135
46 140
46 142
46 144
46 145
46 146
46 147
46 149
46 151
46 152
46 153
46 155
46 157
46 159
46 161
46 163
46 165
46 166
46 169
46 170
46 171
46 174
46 176
46 177
46 179
46 182
46 183
46 184
46 185
46 187
46 188
46 189
46 193
46 199
47 0
47 1
47 3
47 9
47 10
47 12
47 16
47 17
47 18
47 19
47 20
47 21
47 22
47 24
47 26
47 27
47 34
47 35
47 37
47 40
47 42
47 43
47 46
47 50
47 51
47 52
47 53
47 54
47 58
47 61
47 62
47 63
47 65
47 67
47 70
47 71
47 73
47 74
47 75
47 77
47 78
47 79
47 86
47 88
47 89
47 90
47 91
47 93
47 94
47 96
47 97
47 98
47 99
47 100
47 103
47 104
47 105
47 106
47 107
47 109
47 112
47 113
47 115
47 116
47 117
47 118
47 121
47 122
47 123
47 125
47 126
47 127
47 128
47 132
47 134
47 135
47 136
47 138
47 140
47 149
47 150
47 153
47 156
47 158
47 169
47 172
47 174
47 176
47 178
47 179
47 181
47 183
47 187
47 189
47 191
47 192
47 193
47 194
47 195
47 196
47 197
47 198
47 199
48 0
48 1
48 6
48 13
48 14
48 15
48 18
48 19
48 20
48 21
48 22
48 23
48 27
48 28
48 29
48 32
48 35
48 36
48 37
48 38
48 40
48 41
48 42
48 43
48 44
48 45
48 46
48 50
48 53
48 54
48 56
48 57
48 60
48 61
48 63
48 64
48 65
48 67
48 68
48 70
48 71
48 76
48 77
48 80
48 81
48 82
48 83
48 87
48 88
48 89
48 91
48 92
48 94
48 95
48 106
48 110
48 112
48 113
48 117
48 119
48 120
48 121
48 122
48 125
48 127
48 130
48 131
48 133
48 134
48 135
48 136
48 138
48 141
48 142
48 144
48 148
48 149
48 150
48 153
48 156
48 157
48 160
48 164
48 165
48 166
48 168
48 169
48 170
48 176
48 177
48 178
48 184
48 188
48 189
48 190
48 192
48 194
48 196
48 197
49 1
49 5
49 7
49 10
49 15
49 17
49 19
49 21
49 22
49 24
49 26
49 27
49 28
49 30
49 31
49 33
49 35
49 36
49 38
49 41
49 44
49 45
49 49
49 50
49 54
49 57
49 61
49 62
49 63
49 64
49 67
49 68
49 69
49 70
49 71
49 72
49 73
49 74
49 75
49 76
49 77
49 79
49 83
49 87
49 88
49 89
49 90
49 92
49 96
49 97
49 106
49 107
49 110
49 111
49 112
49 113
49 114
49 118
49 120
49 122
49 125
49 126
49 127
49 128
49 129
49 131
49 133
49 134
49 136
49 137
49 139
49 140
49 141
49 142
49 143
49 145
49 149
49 150
49 151
49 152
49 153
49 154
49 157
49 159
49 161
49 163
49 164
49 166
49 168
49 170
49 171
49 176
49 177
49 179
49 182
49 183
49 184
49 186
49 188
49 190
49 192
49 199
50 0
50 1
50 6
50 11
50 14
50 20
50 24
50 25
50 28
50 35
50 37
50 39
50 40
50 41
50 43
50 47
50 50
50 52
50 55
50 57
50 58
50 59
50 60
50 61
50 62
50 64
50 65
50 68
50 71
50 72
50 73
50 74
50 75
50 76
50 78
50 81
50 83
50 85
50 86
50 87
50 90
50 91
50 93
50 94
50 95
50 96
50 104
50 106
50 115
50 116
50 122
50 123
50 124
50 127
50 128
50 131
50 133
50 135
50 136
50 138
50 141
50 143
50 144
50 147
50 149
50 151
50 157
50 158
50 160
50 161
50 163
50 165
50 167
50 168
50 173
50 174
50 176
50 177
50 179
50 183
50 187
50 188
50 189
50 190
50 192
50 193
50 196
50 199
51 0
51 1
51 2
51 3
51 4
51 7
51 8
51 9
51 11
51 14
51 16
51 19
51 24
51 25
51 30
51 31
51 32
51 33
51 34
51 36
51 39
51 45
51 46
51 47
51 48
51 51
51 52
51 53
51 55
51 57
51 58
51 59
51 60
51 63
51 65
51 66
51 67
51 68
51 71
51 72
51 73
51 74
51 79
51 81
51 82
51 83
51 84
51 86
51 87
51 88
51 91
51 94
51 95
51 96
51 97
51 99
51 100
51 101
51 102
51 104
51 106
51 111
51 112
51 114
51 117
51 118
51 124
51 126
51 127
51 129
51 130
51 131
51 134
51 136
51 137
51 138
51 139
51 141
51 142
51 144
51 145
51 146
51 147
51 148
51 149
51 150
51 153
51 155
51 156
51 157
51 158
51 162
51 163
51 166
51 168
51 170
51 171
51 173
51 177
51 178
51 179
51 180
51 181
51 183
51 184
51 186
51 187
51 188
51 190
51 191
51 192
51 194
51 195
51 199
52 0
52 1
52 3
52 5
52 9
52 12
52 15
52 17
52 18
52 19
52 20
52 23
52 24
52 25
52 26
52 32
52 37
52 39
52 40
52 41
52 46
52 47
52 48
52 51
52 53
52 55
52 57
52 61
52 63
52 65
52 66
52 69
52 71
52 73
52 74
52 80
52 87
52 88
52 91
52 93
52 94
52 95
52 96
52 97
52 100
52 101
52 102
52 103
52 104
52 105
52 106
52 112
52 113
52 115
52 116
52 121
52 122
52 124
52 126
52 128
52 131
52 132
52 134
52 135
52 138
52 140
52 144
52 147
52 148
52 149
52 150
52 151
52 154
52 156
52 160
52 161
52 168
52 170
52 171
52 173
52 174
52 175
52 177
52 178
52 179
52 180
52 181
52 183
52 184
52 185
52 186
52 188
52 194
52 196
52 197
52 199
53 3
53 4
53 5
53 7
53 8
53 9
53 10
53 13
53 14
53 18
53 23
53 25
53 33
53 35
53 36
53 38
53 39
53 43
53 46
53 51
53 53
53 55
53 59
53 60
53 63
53 65
53 67
53 68
53 72
53 73
53 75
53 77
53 79
53 81
53 83
53 85
53 89
53 91
53 92
53 94
53 95
53 97
53 99
53 101
53 102
53 103
53 105
53 107
53 108
53 109
53 110
53 111
53 112
53 114
53 116
53 119
53 120
53 126
53 129
53 134
53 135
53 140
53 142
53 144
53 147
53 148
53 151
53 154
53 156
53 158
53 159
53 160
53 164
53 165
53 167
53 168
53 170
53 172
53 174
53 176
53 177
53 178
53 181
53 184
53 185
53 189
53 190
53 193
53 194
53 198
53 199
54 1
54 2
54 5
54 6
54 7
54 9
54 10
54 12
54 13
54 14
54 15
54 16
54 17
54 20
54 22
54 23
54 24
54 25
54 26
54 29
54 33
54 34
54 36
54 37
54 42
54 43
54 44
54 48
54 49
54 50
54 53
54 55
54 56
54 57
54 60
54 61
54 64
54 65
54 72
54 73
54 75
54 76
54 77
54 78
54 79
54 83
54 84
54 85
54 87
54 88
54 89
54 90
54 91
54 93
54 98
54 99
54 100
54 103
54 105
54 107
54 108
54 110
54 111
54 113
54 114
54 116
54 117
54 118
54 120
54 121
54 126
54 127
54 128
54 129
54 136
54 138
54 139
54 140
54 141
54 145
54 146
54 147
54 148
54 149
54 150
54 151
54 152
54 156
54 159
54 165
54 168
54 171
54 172
54 174
54 175
54 176
54 179
54 183
54 186
54 189
54 195
54 197
54 198
55 0
55 1
55 2
55 4
55 9
55 10
55 11
55 12
55 14
55 18
55 19
55 20
55 21
55 22
55 23
55 25
55 26
55 27
55 28
55 29
55 30
55 33
55 34
55 35
55 36
55 37
55 39
55 41
55 42
55 47
55 52
55 53
55 54
55 55
55 56
55 58
55 59
55 62
55 66
55 67
55 68
55 69
55 72
55 75
55 80
55 86
55 87
55 89
55 91
55 92
55 93
55 94
55 96
55 97
55 98
55 99
55 101
55 102
55 113
55 114
55 116
55 118
55 122
55 125
55 127
55 128
55 129
55 130
55 131
55 132
55 135
55 136
55 137
55 138
55 141
55 143
55 144
55 145
55 150
55 153
55 154
55 155
55 157
55 162
55 165
55 166
55 167
55 169
55 170
55 173
55 175
55 176
55 177
55 180
55 187
55 189
55 190
55 192
55 194
55 197
56 1
56 4
56 9
56 10
56 11
56 15
56 17
56 18
56 19
56 20
56 21
56 22
56 25
56 28
56 29
56 31
56 32
56 34
56 35
56 36
56 40
56 41
56 42
56 44
56 48
56 50
56 51
56 56
56 60
56 62
56 63
56 64
56 65
56 67
56 69
56 72
56 73
56 75
56 77
56 79
56 81
56 82
56 83
56 85
56 86
56 87
56 91
56 92
56 93
56 95
56 96
56 98
56 100
56 105
56 108
56 109
56 110
56 111
56 114
56 119
56 120
56 123
56 132
56 134
56 136
56 138
56 139
56 141
56 142
56 144
56 146
56 147
56 153
56 156
56 158
56 159
56 160
56 161
56 162
56 164
56 167
56 168
56 171
56 173
56 174
56 175
56 177
56 178
56 179
56 180
56 181
56 183
56 184
56 185
56 189
56 194
56 195
56 196
56 197
56 199
57 3
57 4
57 6
57 14
57 15
57 20
57 21
57 23
57 25
57 26
57 27
57 28
57 33
57 37
57 38
57 40
57 45
57 46
57 49
57 50
57 53
57 55
57 57
57 58
57 63
57 67
57 70
57 72
57 74
57 75
57 76
57 80
57 85
57 89
57 90
57 91
57 92
57 93
57 94
57 95
57 96
57 97
57 99
57 100
57 104
57 105
57 107
57 112
57 114
57 115
57 116
57 117
57 118
57 119
57 120
57 121
57 124
57 125
57 128
57 130
57 131
57 132
57 134
57 140
57 141
57 143
57 144
57 145
57 147
57 149
57 150
57 151
57 152
57 153
57 162
57 167
57 169
57 175
57 176
57 177
57 181
57 182
57 183
57 186
57 191
57 192
57 193
57 195
57 196
57 197
58 1
58 3
58 8
58 11
58 12
58 13
58 17
58 23
58 25
58 28
58 32
58 35
58 37
58 38
58 40
58 43
58 44
58 47
58 50
58 51
58 52
58 54
58 58
58 60
58 62
58 63
58 66
58 68
58 73
58 77
58 78
58 79
58 81
58 82
58 83
58 88
58 89
58 91
58 94
58 95
58 97
58 98
58 99
58 101
58 103
58 104
58 106
58 107
58 110
58 111
58 112
58 114
58 115
58 118
58 120
58 122
58 124
58 125
58 126
58 128
58 130
58 131
58 132
58 134
58 135
58 137
58 138
58 140
58 141
58 142
58 143
58 147
58 150
58 151
58 152
58 154
58 156
58 157
58 158
58 159
58 160
58 161
58 164
58 165
58 169
58 171
58 172
58 175
58 176
58 178
58 182
58 183
58 184
58 185
58 186
58 187
58 191
58 193
58 194
58 195
58 199
59 2
59 4
59 7
59 9
59 10
59 12
59 15
59 17
59 18
59 19
59 20
59 21
59 22
59 23
59 24
59 25
59 26
59 29
59 32
59 34
59 36
59 38
59 40
59 42
59 43
59 44
59 48
59 49
59 50
59 51
59 52
59 54
59 56
59 58
59 60
59 69
59 70
59 71
59 74
59 75
59 80
59 83
59 91
59 94
59 95
59 96
59 97
59 98
59 100
59 102
59 104
59 106
59 107
59 108
59 109
59 110
59 111
59 114
59 115
59 116
59 118
59 119
59 120
59 121
59 124
59 126
59 127
59 128
59 129
59 130
59 131
59 135
59 137
59 142
59 144
59 146
59 147
59 149
59 150
59 151
59 154
59 158
59 159
59 160
59 161
59 163
59 164
59 165
59 166
59 167
59 170
59 173
59 174
59 176
59 177
59 179
59 180
59 181
59 182
59 188
59 189
59 192
59 194
59 197
59 198
60 1
60 3
60 5
60 6
60 8
60 10
60 12
60 14
60 19
60 20
60 25
60 26
60 27
60 28
60 30
60 31
60 32
60 36
60 37
60 38
60 40
60 41
60 42
60 44
60 45
60 46
60 47
60 50
60 51
60 53
60 56
60 58
60 62
60 63
60 65
60 67
60 70
60 71
60 72
60 73
60 75
60 76
60 79
60 80
60 82
60 83
60 85
60 88
60 90
60 94
60 95
60 96
60 97
60 98
60 99
60 100
60 103
60 104
60 105
60 106
60 108
60 109
60 112
60 113
60 114
60 115
60 116
60 117
60 120
60 124
60 125
60 127
60 128
60 135
60 136
60 137
60 138
60 141
60 143
60 144
60 150
60 156
60 160
60 161
60 170
60 172
60 174
60 175
60 177
60 178
60 179
60 180
60 181
60 184
60 186
60 187
60 189
60 193
60 194
60 196
60 197
60 199
61 0
61 2
61 4
61 5
61 6
61 8
61 12
61 20
61 21
61 22
61 29
61 30
61 34
61 35
61 36
61 37
61 39
61 44
61 45
61 47
61 48
61 49
61 53
61 54
61 55
61 57
61 58
61 59
61 60
61 61
61 63
61 66
61 68
61 73
61 74
61 79
61 81
61 82
61 88
61 89
61 90
61 92
61 94
61 95
61 97
61 98
61 99
61 101
61 102
61 104
61 112
61 114
61 115
61 116
61 118
61 119
61 121
61 123
61 125
61 126
61 127
61 129
61 131
61 132
61 135
61 136
61 140
61 142
61 143
61 145
61 146
61 150
61 151
61 152
61 153
61 155
61 156
61 160
61 163
61 166
61 167
61 172
61 174
61 175
61 176
61 177
61 181
61 182
61 184
61 187
61 188
61 189
61 191
61 192
61 193
61 195
61 197
61 199
62 0
62 2
62 3
62 4
62 5
62 6
62 9
62 10
62 11
62 13
62 17
62 18
62 21
62 22
62 23
62 24
62 27
62 28
62 29
62 31
62 33
62 34
62 36
62 37
62 39
62 40
62 41
62 45
62 51
62 55
62 59
62 61
62 62
62 63
62 65
62 67
62 68
62 69
62 70
62 74
62 76
62 79
62 81
62 82
62 83
62 84
62 85
62 89
62 90
62 91
62 92
62 94
62 97
62 98
62 100
62 102
62 103
62 104
62 107
62 109
62 111
62 115
62 117
62 118
62 119
62 120
62 121
62 125
62 127
62 129
62 131
62 132
62 134
62 135
62 136
62 138
62 139
62 140
62 141
62 144
62 147
62 150
62 151
62 153
62 154
62 155
62 160
62 164
62 165
62 166
62 167
62 170
62 174
62 176
62 177
62 178
62 183
62 184
62 185
62 186
62 188
62 196
62 197
62 199
63 4
63 5
63 8
63 9
63 10
63 11
63 12
63 13
63 15
63 16
63 17
63 19
63 24
63 26
63 27
63 28
63 29
63 31
63 34
63 37
63 39
63 42
63 44
63 45
63 46
63 48
63 49
63 50
63 52
63 54
63 57
63 58
63 59
63 60
63 61
63 64
63 65
63 66
63 67
63 68
63 70
63 73
63 75
63 78
63 80
63 81
63 82
63 86
63 91
63 92
63 93
63 97
63 98
63 100
63 101
63 102
63 106
63 108
63 110
63 111
63 112
63 114
63 116
63 118
63 120
63 121
63 122
63 123
63 125
63 130
63 132
63 133
63 138
63 139
63 143
63 145
63 148
63 150
63 156
63 158
63 159
63 166
63 169
63 170
63 171
63 172
63 175
63 178
63 181
63 183
63 185
63 186
63 189
63 193
63 194
64 0
64 2
64 3
64 5
64 6
64 10
64 12
64 15
64 16
64 18
64 22
64 23
64 26
64 29
64 32
64 34
64 37
64 43
64 45
64 48
64 50
64 53
64 54
64 55
64 56
64 57
64 58
64 60
64 61
64 66
64 68
64 69
64 70
64 72
64 74
64 76
64 77
64 78
64 80
64 83
64 84
64 86
64 89
64 90
64 91
64 93
64 95
64 96
64 98
64 99
64 100
64 101
64 102
64 104
64 105
64 106
64 108
64 109
64 113
64 115
64 117
64 118
64 123
64 127
64 128
64 129
64 132
64 133
64 134
64 137
64 144
64 145
64 148
64 149
64 151
64 152
64 157
64 159
64 160
64 162
64 165
64 166
64 169
64 172
64 173
64 174
64 175
64 177
64 178
64 181
64 186
64 187
64 188
64 189
64 191
64 195
64 197
64 199
65 2
65 5
65 10
65 12
65 13
65 16
65 17
65 20
65 21
65 24
65 26
65 27
65 29
65 31
65 33
65 34
65 37
65 38
65 39
65 40
65 41
65 45
65 46
65 47
65 49
65 50
65 57
65 58
65 59
65 61
65 62
65 63
65 64
65 68
65 70
65 73
65 74
65 75
65 77
65 78
65 79
65 81
65 82
65 83
65 84
65 89
65 90
65 91
65 92
65 94
65 96
65 97
65 101
65 102
65 103
65 104
65 105
65 106
65 109
65 110
65 111
65 113
65 116
65 117
65 118
65 119
65 120
65 121
65 123
65 126
65 127
65 128
65 130
65 131
65 132
65 135
65 137
65 138
65 141
65 142
65 145
65 147
65 148
65 149
65 151
65 152
65 153
65 156
65 157
65 158
65 159
65 160
65 164
65 167
65 168
65 172
65 173
65 175
65 176
65 179
65 181
65 182
65 188
65 192
65 193
65 194
65 198
66 0
66 1
66 5
66 7
66 9
66 11
66 14
66 15
66 16
66 19
66 21
66 22
66 23
66 26
66 27
66 28
66 30
66 31
66 33
66 34
66 36
66 37
66 39
66 40
66 44
66 48
66 49
66 51
66 53
66 55
66 56
66 57
66 62
66 63
66 64
66 67
66 69
66 70
66 72
66 73
66 75
66 77
66 79
66 80
66 81
66 84
66 87
66 89
66 90
66 92
66 94
66 95
66 96
66 97
66 99
66 100
66 101
66 102
66 103
66 104
66 105
66 107
66 109
66 113
66 114
66 115
66 117
66 121
66 123
66 128
66 129
66 131
66 134
66 136
66 137
66 138
66 143
66 146
66 147
66 148
66 150
66 153
66 154
66 156
66 158
66 159
66 163
66 164
66 165
66 169
66 171
66 173
66 174
66 177
66 178
66 179
66 181
66 185
66 186
66 187
66 189
66 190
66 192
66 195
66 197
66 198
67 2
67 3
67 4
67 5
67 8
67 9
67 11
67 13
67 20
67 26
67 28
67 30
67 32
67 33
67 34
67 39
67 43
67 46
67 47
67 48
67 49
67 52
67 53
67 56
67 59
67 60
67 62
67 63
67 66
67 71
67 72
67 75
67 77
67 82
67 83
67 84
67 90
67 94
67 96
67 97
67 98
67 103
67 107
67 109
67 110
67 112
67 115
67 116
67 118
67 119
67 121
67 122
67 125
67 127
67 128
67 133
67 134
67 140
67 141
67 147
67 151
67 155
67 156
67 157
67 160
67 165
67 167
67 168
67 169
67 170
67 172
67 173
67 174
67 175
67 178
67 179
67 181
67 185
67 186
67 187
67 188
67 189
67 190
67 192
67 194
67 195
67 196
67 197
68 0
68 2
68 4
68 5
68 11
68 13
68 14
68 15
68 19
68 20
68 23
68 27
68 28
68 29
68 30
68 32
68 33
68 35
68 40
68 41
68 42
68 44
68 45
68 46
68 49
68 50
68 52
68 56
68 58
68 65
68 66
68 67
68 68
68 69
68 70
68 72
68 73
68 78
68 79
68 80
68 81
68 85
68 87
68 88
68 90
68 91
68 92
68 93
68 94
68 95
68 96
68 97
68 101
68 102
68 104
68 105
68 107
68 110
68 111
68 112
68 113
68 114
68 115
68 117
68 118
68 121
68 122
68 123
68 126
68 128
68 129
68 130
68 131
68 133
68 135
68 138
68 139
68 140
68 141
68 142
68 144
68 146
68 149
68 150
68 153
68 154
68 158
68 160
68 161
68 162
68 163
68 165
68 167
68 171
68 173
68 174
68 175
68 179
68 180
68 181
68 182
68 184
68 185
68 187
68 189
68 190
68 192
68 193
68 195
68 196
68 197
68 198
69 0
69 1
69 2
69 3
69 5
69 10
69 11
69 12
69 13
69 16
69 18
69 20
69 21
69 22
69 24
69 25
69 29
69 30
69 32
69 34
69 37
69 38
69 39
69 41
69 43
69 44
69 45
69 48
69 49
69 50
69 51
69 53
69 55
69 57
69 58
69 59
69 61
69 63
69 64
69 72
69 73
69 76
69 78
69 79
69 82
69 83
69 86
69 89
69 90
69 91
69 93
69 94
69 97
69 98
69 103
69 107
69 108
69 109
69 112
69 113
69 114
69 116
69 117
69 120
69 121
69 122
69 126
69 128
69 131
69 132
69 135
69 137
69 138
69 139
69 143
69 145
69 146
69 148
69 150
69 151
69 152
69 153
69 154
69 155
69 158
69 159
69 160
69 161
69 165
69 169
69 170
69 172
69 176
69 183
69 185
69 186
69 187
69 188
69 194
70 1
70 3
70 4
70 10
70 12
70 14
70 15
70 18
70 20
70 22
70 23
70 25
70 26
70 28
70 30
70 33
70 34
70 43
70 44
70 46
70 48
70 50
70 51
70 61
70 64
70 68
70 69
70 70
70 71
70 72
70 74
70 77
70 80
70 82
70 86
70 88
70 89
70 90
70 91
70 93
70 94
70 96
70 99
70 101
70 103
70 104
70 106
70 109
70 112
70 113
70 114
70 115
70 117
70 123
70 125
70 127
70 130
70 131
70 133
70 135
70 136
70 137
70 138
70 139
70 141
70 142
70 150
70 151
70 152
70 156
70 158
70 164
70 165
70 166
70 169
70 171
70 172
70 173
70 174
70 175
70 177
70 182
70 187
70 188
70 189
70 190
70 191
70 193
70 194
70 196
70 197
71 0
71 1
71 2
71 4
71 5
71 8
71 12
71 15
71 19
71 22
71 23
71 25
71 29
71 31
71 34
71 35
71 36
71 38
71 39
71 41
71 47
71 50
71 53
71 55
71 58
71 60
71 62
71 69
71 73
71 76
71 85
71 86
71 87
71 89
71 90
71 91
71 92
71 94
71 96
71 98
71 102
71 103
71 104
71 105
71 110
71 111
71 112
71 113
71 116
71 121
71 125
71 127
71 128
71 130
71 132
71 133
71 137
71 138
71 141
71 143
71 144
71 145
71 146
71 147
71 151
71 152
71 153
71 157
71 158
71 159
71 160
71 164
71 165
71 166
71 169
71 170
71 172
71 175
71 176
71 177
71 183
71 185
71 187
71 188
71 190
71 191
71 193
71 194
71 196
71 197
71 198
72 4
72 6
72 10
72 11
72 12
72 16
72 20
72 25
72 27
72 28
72 31
72 33
72 36
72 37
72 39
72 42
72 43
72 44
72 45
72 47
72 49
72 50
72 55
72 56
72 57
72 58
72 59
72 61
72 62
72 63
72 65
72 66
72 67
72 68
72 71
72 73
72 74
72 76
72 77
72 78
72 80
72 85
72 87
72 88
72 89
72 90
72 94
72 96
72 99
72 100
72 103
72 104
72 105
72 107
72 109
72 112
72 116
72 117
72 118
72 119
72 121
72 123
72 124
72 125
72 131
72 132
72 133
72 135
72 136
72 139
72 141
72 142
72 143
72 145
72 146
72 147
72 148
72 150
72 161
72 162
72 163
72 164
72 168
72 172
72 173
72 174
72 175
72 176
72 177
72 178
72 183
72 184
72 185
72 188
72 190
72 191
72 192
72 193
72 196
72 197
73 0
73 1
73 2
73 4
73 5
73 7
73 9
73 15
73 18
73 21
73 23
73 25
73 26
73 29
73 30
73 36
73 37
73 38
73 41
73 45
73 46
73 47
73 50
73 51
73 53
73 54
73 57
73 60
73 61
73 62
73 67
73 68
73 69
73 70
73 71
73 72
73 75
73 80
73 83
73 84
73 85
73 89
73 90
73 92
73 93
73 94
73 95
73 97
73 101
73 102
73 108
73 110
73 111
73 113
73 114
73 115
73 116
73 117
73 121
73 123
73 124
73 133
73 134
73 136
73 138
73 139
73 140
73 143
73 145
73 146
73 149
73 151
73 153
73 154
73 155
73 160
73 165
73 166
73 167
73 168
73 169
73 172
73 173
73 176
73 178
73 180
73 182
73 185
73 187
73 188
73 191
73 193
73 195
73 197
73 198
73 199
74 0
74 1
74 2
74 5
74 6
74 8
74 9
74 11
74 12
74 13
74 15
74 16
74 20
74 23
74 31
74 32
74 34
74 36
74 38
74 41
74 42
74 43
74 44
74 49
74 53
74 54
74 57
74 58
74 61
74 62
74 63
74 65
74 66
74 67
74 68
74 70
74 72
74 73
74 74
74 76
74 77
74 81
74 83
74 84
74 89
74 90
74 91
74 93
74 94
74 95
74 96
74 97
74 98
74 99
74 100
74 102
74 104
74 108
74 109
74 112
74 113
74 114
74 116
74 119
74 120
74 123
74 124
74 125
74 127
74 128
74 129
74 131
74 132
74 133
74 134
74 136
74 137
74 139
74 140
74 141
74 142
74 143
74 144
74 148
74 151
74 152
74 156
74 159
74 160
74 163
74 167
74 170
74 171
74 172
74 173
74 174
74 179
74 181
74 183
74 187
74 190
74 191
74 192
74 193
74 194
74 199
75 0
75 4
75 5
75 6
75 7
75 9
75 12
75 16
75 17
75 19
75 20
75 21
75 22
75 27
75 28
75 29
75 31
75 32
75 34
75 37
75 39
75 43
75 45
75 48
75 49
75 50
75 54
75 55
75 57
75 58
75 60
75 61
75 62
75 64
75 69
75 72
75 75
75 76
75 77
75 78
75 79
75 82
75 84
75 85
75 86
75 89
75 90
75 91
75 93
75 95
75 103
75 104
75 105
75 107
75 108
75 109
75 110
75 115
75 118
75 119
75 121
75 122
75 123
75 124
75 126
75 127
75 130
75 131
75 133
75 136
75 141
75 142
75 143
75 145
75 146
75 147
75 149
75 150
75 151
75 154
75 157
75 159
75 160
75 161
75 162
75 163
75 168
75 169
75 173
75 175
75 177
75 178
75 179
75 182
75 183
75 185
75 187
75 188
75 189
75 191
75 192
75 194
75 195
75 196
75 198
76 1
76 6
76 7
76 9
76 10
76 15
76 16
76 19
76 20
76 21
76 26
76 28
76 30
76 31
76 32
76 36
76 37
76 38
76 41
76 42
76 43
76 46
76 47
76 48
76 49
76 50
76 53
76 54
76 55
76 56
76 57
76 59
76 60
76 61
76 66
76 67
76 70
76 72
76 73
76 76
76 77
76 82
76 83
76 84
76 85
76 87
76 89
76 91
76 92
76 93
76 94
76 97
76 98
76 100
76 102
76 107
76 108
76 109
76 112
76 116
76 117
76 118
76 121
76 123
76 124
76 127
76 128
76 132
76 137
76 140
76 141
76 145
76 146
76 147
76 148
76 149
76 152
76 155
76 156
76 158
76 160
76 162
76 163
76 167
76 168
76 171
76 172
76 175
76 177
76 178
76 179
76 188
76 189
76 190
76 193
76 194
76 195
76 196
76 197
76 198
76 199
77 1
77 2
77 3
77 4
77 8
77 10
77 11
77 12
77 14
77 17
77 18
77 21
77 22
77 25
77 26
77 27
77 30
77 31
77 32
77 34
77 36
77 37
77 40
77 42
77 43
77 46
77 48
77 49
77 50
77 51
77 52
77 55
77 56
77 57
77 62
77 65
77 66
77 67
77 70
77 72
77 73
77 74
77 75
77 80
77 81
77 85
77 87
77 88
77 89
77 90
77 91
77 92
77 93
77 94
77 95
77 96
77 97
77 99
77 102
77 103
77 105
77 107
77 110
77 112
77 113
77 116
77 117
77 119
77 120
77 123
77 126
77 127
77 129
77 130
77 131
77 132
77 133
77 134
77 137
77 142
77 143
77 145
77 147
77 148
77 152
77 153
77 155
77 156
77 159
77 160
77 161
77 166
77 168
77 170
77 171
77 172
77 173
77 175
77 176
77 183
77 185
77 186
77 187
77 188
77 190
77 191
77 192
77 196
77 197
77 199
78 0
78 1
78 2
78 4
78 6
78 7
78 8
78 11
78 13
78 15
78 16
78 24
78 25
78 28
78 33
78 38
78 39
78 40
78 41
78 42
78 43
78 44
78 45
78 48
78 49
78 54
78 56
78 57
78 58
78 59
78 60
78 61
78 62
78 66
78 68
78 69
78 73
78 74
78 75
78 78
78 79
78 82
78 83
78 85
78 86
78 87
78 90
78 91
78 92
78 96
78 99
78 100
78 103
78 104
78 105
78 106
78 107
78 108
78 109
78 111
78 112
78 113
78 115
78 117
78 119
78 121
78 122
78 125
78 126
78 127
78 128
78 133
78 138
78 140
78 142
78 143
78 144
78 145
78 146
78 147
78 152
78 153
78 155
78 157
78 158
78 159
78 160
78 161
78 163
78 165
78 166
78 167
78 168
78 171
78 172
78 175
78 176
78 177
78 179
78 183
78 185
78 188
78 190
78 191
78 194
78 195
78 196
78 198
79 1
79 3
79 6
79 7
79 8
79 9
79 13
79 18
79 19
79 20
79 24
79 25
79 28
79 34
79 35
79 39
79 40
79 41
79 43
79 44
79 47
79 49
79 50
79 51
79 53
79 59
79 60
79 61
79 63
79 64
79 65
79 67
79 71
79 84
79 85
79 86
79 87
79 89
79 92
79 100
79 102
79 104
79 108
79 109
79 110
79 112
79 114
79 115
79 120
79 121
79 122
79 124
79 125
79 127
79 128
79 129
79 130
79 133
79 134
79 135
79 136
79 137
79 138
79 140
79 141
79 142
79 143
79 144
79 145
79 148
79 149
79 154
79 155
79 156
79 158
79 160
79 162
79 163
79 165
79 167
79 168
79 170
79 172
79 173
79 174
79 175
79 176
79 177
79 178
79 180
79 185
79 186
79 191
79 193
79 195
79 196
80 0
80 2
80 3
80 4
80 6
80 7
80 8
80 10
80 13
80 14
80 15
80 16
80 18
80 19
80 21
80 24
80 25
80 29
80 30
80 35
80 36
80 38
80 39
80 40
80 41
80 42
80 43
80 50
80 51
80 53
80 54
80 57
80 60
80 61
80 63
80 65
80 67
80 69
80 74
80 76
80 79
80 80
80 82
80 83
80 85
80 88
80 90
80 91
80 94
80 95
80 98
80 101
80 102
80 104
80 106
80 107
80 109
80 111
80 112
80 115
80 116
80 118
80 119
80 120
80 123
80 124
80 125
80 126
80 127
80 129
80 130
80 135
80 136
80 137
80 140
80 141
80 142
80 143
80 147
80 148
80 150
80 152
80 155
80 158
80 159
80 160
80 161
80 164
80 166
80 168
80 171
80 174
80 175
80 185
80 186
80 187
80 189
80 190
80 192
80 193
80 195
80 196
80 197
80 199
81 0
81 4
81 5
81 6
81 7
81 8
81 11
81 12
81 13
81 15
81 17
81 18
81 20
81 21
81 23
81 24
81 25
81 28
81 29
81 31
81 32
81 34
81 35
81 36
81 39
81 40
81 41
81 42
81 44
81 45
81 46
81 47
81 48
81 49
81 53
81 54
81 55
81 58
81 59
81 60
81 63
81 65
81 67
81 74
81 75
81 76
81 78
81 79
81 80
81 81
81 82
81 85
81 86
81 87
81 91
81 92
81 95
81 96
81 97
81 98
81 105
81 106
81 107
81 110
81 112
81 113
81 115
81 116
81 118
81 119
81 122
81 124
81 125
81 126
81 127
81 128
81 129
81 133
81 134
81 135
81 136
81 137
81 139
81 141
81 146
81 148
81 149
81 152
81 153
81 154
81 155
81 158
81 160
81 163
81 164
81 165
81 166
81 167
81 169
81 170
81 171
81 173
81 174
81 176
81 177
81 178
81 180
81 182
81 185
81 186
81 189
81 190
81 191
81 193
81 198
82 0
82 1
82 2
82 4
82 5
82 8
82 12
82 15
82 16
82 18
82 20
82 21
82 22
82 23
82 24
82 27
82 29
82 30
82 32
82 34
82 35
82 37
82 38
82 39
82 41
82 42
82 44
82 45
82 47
82 48
82 51
82 52
82 54
82 55
82 60
82 63
82 64
82 65
82 66
82 69
82 72
82 75
82 77
82 79
82 81
82 84
82 85
82 87
82 88
82 90
82 91
82 92
82 94
82 95
82 96
82 100
82 101
82 103
82 104
82 107
82 109
82 110
82 111
82 112
82 113
82 114
82 115
82 116
82 118
82 121
82 123
82 125
82 126
82 131
82 132
82 133
82 134
82 135
82 137
82 138
82 139
82 142
82 145
82 146
82 147
82 148
82 150
82 151
82 155
82 156
82 158
82 159
82 160
82 161
82 163
82 174
82 175
82 177
82 178
82 180
82 181
82 183
82 184
82 185
82 186
82 188
82 190
82 196
82 197
83 0
83 2
83 4
83 6
83 9
83 11
83 12
83 14
83 16
83 17
83 18
83 19
83 21
83 29
83 34
83 35
83 38
83 41
83 42
83 43
83 44
83 45
83 48
83 51
83 52
83 53
83 54
83 56
83 57
83 58
83 62
83 66
83 70
83 74
83 75
83 76
83 78
83 79
83 82
83 83
83 84
83 85
83 86
83 88
83 89
83 90
83 91
83 94
83 96
83 103
83 105
83 106
83 108
83 109
83 110
83 111
83 115
83 117
83 119
83 120
83 124
83 126
83 129
83 131
83 134
83 136
83 137
83 138
83 139
83 140
83 141
83 142
83 143
83 147
83 148
83 151
83 155
83 157
83 160
83 161
83 163
83 166
83 169
83 170
83 172
83 173
83 174
83 177
83 185
83 186
83 188
83 189
83 190
83 192
83 193
83 195
83 196
83 198
84 0
84 5
84 6
84 7
84 8
84 10
84 12
84 13
84 14
84 15
84 18
84 19
84 22
84 23
84 24
84 25
84 27
84 28
84 31
84 32
84 34
84 39
84 41
84 42
84 43
84 45
84 46
84 47
84 48
84 50
84 51
84 52
84 53
84 54
84 56
84 59
84 62
84 65
84 66
84 68
84 69
84 70
84 71
84 72
84 73
84 76
84 77
84 78
84 80
84 81
84 84
84 86
84 88
84 91
84 92
84 93
84 96
84 97
84 98
84 100
84 101
84 103
84 107
84 110
84 114
84 115
84 118
84 119
84 121
84 122
84 124
84 125
84 126
84 130
84 132
84 134
84 135
84 137
84 139
84 140
84 142
84 144
84 146
84 147
84 150
84 151
84 153
84 154
84 155
84 156
84 158
84 160
84 162
84 163
84 166
84 172
84 173
84 176
84 177
84 179
84 180
84 182
84 187
84 188
84 189
84 190
84 191
84 192
84 193
84 194
84 195
84 196
85 0
85 1
85 2
85 4
85 9
85 11
85 12
85 14
85 16
85 17
85 20
85 22
85 23
85 24
85 27
85 28
85 31
85 32
85 33
85 37
85 39
85 42
85 45
85 46
85 50
85 51
85 52
85 54
85 56
85 58
85 59
85 61
85 62
85 63
85 66
85 67
85 68
85 70
85 71
85 72
85 73
85 74
85 76
85 79
85 81
85 82
85 83
85 84
85 85
85 87
85 91
85 92
85 93
85 95
85 96
85 97
85 99
85 101
85 102
85 103
85 104
85 105
85 108
85 110
85 113
85 114
85 115
85 116
85 117
85 118
85 122
85 123
85 128
85 130
85 131
85 132
85 134
85 135
85 137
85 139
85 141
85 143
85 144
85 146
85 150
85 151
85 154
85 159
85 160
85 163
85 166
85 169
85 172
85 174
85 176
85 178
85 181
85 182
85 184
85 185
85 191
85 192
85 194
85 198
86 0
86 5
86 13
86 16
86 18
86 19
86 21
86 23
86 24
86 26
86 29
86 31
86 32
86 34
86 36
86 38
86 39
86 40
86 42
86 44
86 48
86 49
86 52
86 53
86 54
86 56
86 60
86 63
86 64
86 65
86 68
86 69
86 76
86 77
86 79
86 82
86 83
86 85
86 87
86 90
86 92
86 93
86 97
86 98
86 99
86 100
86 101
86 105
86 113
86 115
86 118
86 120
86 121
86 124
86 125
86 126
86 127
86 132
86 134
86 135
86 137
86 138
86 140
86 142
86 144
86 148
86 151
86 152
86 155
86 156
86 157
86 160
86 161
86 163
86 164
86 167
86 171
86 172
86 174
86 175
86 178
86 180
86 181
86 182
86 183
86 184
86 186
86 190
87 0
87 1
87 5
87 6
87 7
87 8
87 9
87 10
87 11
87 13
87 16
87 20
87 21
87 22
87 23
87 24
87 25
87 26
87 27
87 28
87 32
87 33
87 35
87 38
87 40
87 41
87 42
87 46
87 47
87 48
87 50
87 54
87 57
87 58
87 60
87 65
87 69
87 70
87 72
87 73
87 74
87 76
87 78
87 79
87 80
87 81
87 83
87 84
87 85
87 87
87 88
87 91
87 95
87 96
87 97
87 100
87 103
87 105
87 106
87 107
87 108
87 110
87 112
87 116
87 118
87 119
87 120
87 123
87 124
87 125
87 127
87 130
87 133
87 136
87 137
87 138
87 139
87 141
87 142
87 151
87 155
87 156
87 158
87 162
87 163
87 164
87 166
87 167
87 168
87 170
87 172
87 179
87 181
87 183
87 184
87 188
87 189
87 190
87 193
87 196
87 197
87 199
88 0
88 1
88 2
88 4
88 5
88 7
88 8
88 9
88 10
88 11
88 12
88 13
88 14
88 20
88 22
88 24
88 25
88 29
88 32
88 33
88 34
88 36
88 38
88 39
88 40
88 42
88 43
88 44
88 49
88 53
88 57
88 60
88 63
88 64
88 66
88 71
88 72
88 76
88 78
88 79
88 82
88 84
88 86
88 88
88 92
88 93
88 94
88 96
88 97
88 99
88 102
88 104
88 105
88 108
88 112
88 113
88 119
88 125
88 128
88 130
88 131
88 134
88 135
88 138
88 139
88 140
88 141
88 142
88 147
88 148
88 149
88 150
88 151
88 153
88 155
88 156
88 157
88 158
88 160
88 161
88 162
88 163
88 164
88 166
88 168
88 169
88 170
88 171
88 173
88 175
88 176
88 178
88 179
88 181
88 185
88 186
88 187
88 188
88 189
88 190
88 191
88 192
88 193
88 194
88 196
88 199
89 0
89 3
89 8
89 9
89 11
89 13
89 14
89 20
89 21
89 22
89 25
89 27
89 29
89 33
89 34
89 36
89 40
89 41
89 42
89 46
89 47
89 50
89 51
89 53
89 55
89 58
89 61
89 62
89 63
89 64
89 65
89 72
89 74
89 76
89 77
89 78
89 79
89 80
89 83
89 85
89 87
89 88
89 96
89 97
89 98
89 99
89 100
89 104
89 108
89 111
89 112
89 113
89 114
89 116
89 117
89 118
89 121
89 122
89 130
89 131
89 132
89 133
89 134
89 136
89 137
89 138
89 141
89 142
89 143
89 144
89 146
89 149
89 151
89 153
89 154
89 159
89 160
89 164
89 168
89 169
89 172
89 174
89 176
89 177
89 178
89 179
89 181
89 182
89 184
89 189
89 193
89 194
89 196
89 197
90 1
90 5
90 6
90 7
90 10
90 13
90 15
90 17
90 19
90 20
90 21
90 22
90 23
90 25
90 27
90 28
90 37
90 38
90 39
90 42
90 43
90 44
90 46
90 49
90 50
90 51
90 52
90 53
90 54
90 56
90 58
90 59
90 60
90 61
90 62
90 63
90 66
90 70
90 71
90 73
90 76
90 77
90 78
90 79
90 82
90 84
90 85
90 86
90 88
90 90
90 91
90 93
90 94
90 95
90 97
90 99
90 100
90 101
90 102
90 103
90 105
90 108
90 109
90 110
90 112
90 114
90 116
90 122
90 123
90 126
90 131
90 133
90 135
90 137
90 138
90 139
90 140
90 141
90 142
90 144
90 147
90 148
90 149
90 151
90 152
90 154
90 155
90 158
90 160
90 162
90 164
90 165
90 166
90 168
90 172
90 177
90 178
90 180
90 181
90 184
90 187
90 188
90 189
90 190
90 192
90 193
90 194
90 195
90 196
91 1
91 2
91 4
91 6
91 7
91 9
91 10
91 11
91 12
91 13
91 14
91 15
91 17
91 18
91 21
91 23
91 24
91 25
91 27
91 28
91 29
91 30
91 35
91 40
91 41
91 43
91 46
91 48
91 50
91 54
91 59
91 60
91 62
91 63
91 65
91 66
91 67
91 68
91 69
91 70
91 74
91 76
91 77
91 78
91 79
91 82
91 85
91 86
91 87
91 88
91 91
91 93
91 97
91 98
91 101
91 102
91 103
91 104
91 105
91 110
91 113
91 115
91 117
91 119
91 122
91 129
91 130
91 134
91 135
91 136
91 138
91 141
91 144
91 145
91 146
91 150
91 151
91 152
91 154
91 155
91 156
91 162
91 164
91 165
91 167
91 168
91 169
91 170
91 172
91 173
91 174
91 177
91 178
91 179
91 180
91 181
91 183
91 184
91 185
91 186
91 189
91 194
91 197
91 198
91 199
92 0
92 2
92 3
92 4
92 5
92 7
92 8
92 9
92 10
92 14
92 15
92 16
92 18
92 19
92 21
92 22
92 26
92 27
92 29
92 30
92 31
92 32
92 34
92 39
92 40
92 42
92 43
92 44
92 46
92 48
92 49
92 50
92 51
92 54
92 55
92 56
92 58
92 62
92 63
92 69
92 70
92 72
92 75
92 77
92 79
92 80
92 81
92 84
92 91
92 92
92 95
92 100
92 101
92 102
92 103
92 104
92 106
92 107
92 109
92 110
92 111
92 112
92 117
92 120
92 121
92 123
92 126
92 127
92 128
92 129
92 131
92 132
92 133
92 134
92 136
92 138
92 142
92 144
92 145
92 146
92 147
92 148
92 151
92 152
92 153
92 155
92 157
92 158
92 162
92 164
92 166
92 167
92 168
92 170
92 171
92 172
92 173
92 174
92 175
92 178
92 179
92 182
92 185
92 186
92 188
92 189
92 190
92 191
92 194
92 196
92 198
92 199
93 1
93 4
93 7
93 8
93 13
93 14
93 16
93 18
93 19
93 23
93 27
93 29
93 30
93 32
93 34
93 37
93 38
93 39
93 40
93 42
93 43
93 46
93 48
93 50
93 53
93 54
93 55
93 59
93 60
93 71
93 73
93 74
93 75
93 76
93 78
93 83
93 85
93 87
93 88
93 90
93 91
93 92
93 93
93 95
93 96
93 97
93 100
93 101
93 104
93 105
93 107
93 109
93 114
93 117
93 118
93 121
93 122
93 123
93 125
93 126
93 127
93 128
93 129
93 131
93 135
93 136
93 137
93 138
93 140
93 142
93 143
93 144
93 147
93 148
93 153
93 154
93 156
93 158
93 159
93 160
93 165
93 167
93 168
93 171
93 174
93 175
93 178
93 179
93 184
93 186
93 188
93 193
93 195
93 197
93 198
93 199
94 0
94 1
94 3
94 6
94 7
94 14
94 15
94 19
94 21
94 23
94 24
94 27
94 28
94 31
94 32
94 33
94 34
94 36
94 39
94 41
94 45
94 48
94 50
94 56
94 58
94 60
94 61
94 62
94 66
94 69
94 70
94 71
94 72
94 73
94 76
94 77
94 78
94 79
94 81
94 87
94 88
94 89
94 91
94 93
94 95
94 97
94 98
94 103
94 104
94 107
94 110
94 111
94 114
94 116
94 117
94 118
94 119
94 121
94 123
94 124
94 126
94 127
94 128
94 130
94 131
94 132
94 134
94 135
94 137
94 138
94 139
94 148
94 149
94 150
94 151
94 152
94 153
94 154
94 155
94 158
94 159
94 162
94 166
94 167
94 169
94 170
94 171
94 174
94 176
94 183
94 185
94 186
94 187
94 188
94 189
94 192
94 193
94 194
94 195
95 1
95 3
95 4
95 8
95 10
95 11
95 12
95 14
95 18
95 19
95 20
95 24
95 26
95 28
95 29
95 30
95 36
95 38
95 41
95 43
95 47
95 51
95 52
95 59
95 60
95 63
95 65
95 66
95 69
95 71
95 73
95 75
95 76
95 77
95 78
95 80
95 85
95 88
95 90
95 91
95 92
95 93
95 94
95 95
95 103
95 105
95 110
95 111
95 118
95 119
95 120
95 121
95 122
95 123
95 126
95 127
95 128
95 129
95 130
95 131
95 132
95 134
95 137
95 139
95 140
95 141
95 142
95 143
95 144
95 149
95 151
95 152
95 153
95 155
95 156
95 158
95 159
95 163
95 165
95 167
95 169
95 174
95 178
95 183
95 184
95 186
95 187
95 188
95 191
95 193
95 198
96 3
96 4
96 5
96 6
96 10
96 16
96 18
96 20
96 21
96 22
96 23
96 24
96 26
96 27
96 28
96 30
96 33
96 35
96 37
96 38
96 39
96 43
96 46
96 48
96 50
96 51
96 52
96 53
96 54
96 55
96 57
96 59
96 60
96 62
96 70
96 72
96 74
96 75
96 76
96 77
96 79
96 80
96 81
96 83
96 87
96 88
96 89
96 90
96 92
96 93
96 94
96 96
96 107
96 108
96 110
96 111
96 112
96 114
96 117
96 119
96 121
96 124
96 127
96 129
96 132
96 133
96 134
96 139
96 141
96 142
96 143
96 144
96 150
96 151
96 155
96 156
96 161
96 162
96 163
96 168
96 169
96 170
96 171
96 173
96 175
96 177
96 178
96 179
96 180
96 181
96 183
96 191
96 194
96 195
96 196
97 1
97 3
97 8
97 10
97 12
97 13
97 15
97 16
97 19
97 21
97 22
97 23
97 24
97 26
97 27
97 28
97 31
97 33
97 34
97 36
97 37
97 38
97 44
97 46
97 48
97 49
97 51
97 54
97 58
97 59
97 61
97 63
97 64
97 65
97 66
97 67
97 68
97 77
97 78
97 79
97 81
97 82
97 83
97 86
97 89
97 91
97 93
97 94
97 95
97 97
97 98
97 100
97 101
97 103
97 108
97 111
97 115
97 116
97 117
97 120
97 124
97 128
97 130
97 133
97 136
97 137
97 138
97 140
97 143
97 147
97 150
97 152
97 154
97 156
97 157
97 158
97 159
97 160
97 163
97 165
97 166
97 167
97 169
97 171
97 176
97 177
97 179
97 181
97 183
97 184
97 185
97 187
97 188
97 189
97 191
97 194
97 196
97 197
97 198
98 3
98 4
98 5
98 7
98 11
98 12
98 14
98 19
98 20
98 21
98 23
98 24
98 26
98 28
98 29
98 31
98 32
98 36
98 37
98 40
98 41
98 46
98 47
98 48
98 49
98 52
98 54
98 55
98 56
98 57
98 59
98 61
98 62
98 64
98 65
98 66
98 67
98 68
98 71
98 73
98 75
98 76
98 77
98 80
98 83
98 84
98 85
98 87
98 90
98 91
98 93
98 94
98 95
98 97
98 101
98 103
98 112
98 114
98 115
98 117
98 118
98 119
98 121
98 125
98 127
98 128
98 129
98 131
98 132
98 133
98 136
98 139
98 140
98 141
98 142
98 145
98 146
98 147
98 150
98 152
98 153
98 155
98 156
98 157
98 160
98 163
98 164
98 167
98 169
98 171
98 172
98 176
98 177
98 178
98 179
98 180
98 181
98 188
98 191
98 192
98 198
99 0
99 3
99 4
99 5
99 8
99 9
99 10
99 11
99 12
99 13
99 15
99 16
99 18
99 20
99 22
99 23
99 24
99 26
99 27
99 31
99 33
99 34
99 35
99 37
99 39
99 40
99 46
99 47
99 48
99 49
99 50
99 52
99 53
99 55
99 58
99 61
99 64
99 66
99 67
99 68
99 69
99 70
99 75
99 76
99 78
99 80
99 84
99 85
99 86
99 89
99 90
99 95
99 98
99 101
99 104
99 105
99 106
99 107
99 108
99 109
99 110
99 115
99 118
99 121
99 124
99 125
99 127
99 133
99 135
99 136
99 138
99 140
99 142
99 144
99 146
99 148
99 149
99 150
99 154
99 155
99 156
99 157
99 158
99 159
99 160
99 161
99 162
99 165
99 167
99 168
99 171
99 173
99 175
99 176
99 178
99 179
99 180
99 182
99 183
99 185
99 186
99 187
99 188
99 190
99 191
99 195
99 196
99 197
99 198
99 199
100 0
100 4
100 5
100 7
100 8
100 9
100 10
100 13
100 18
100 19
100 20
100 21
100 24
100 25
100 26
100 28
100 29
100 30
100 32
100 33
100 38
100 39
100 40
100 42
100 43
100 46
100 49
100 51
100 57
100 58
100 60
100 61
100 62
100 63
100 65
100 67
100 68
100 71
100 73
100 75
100 77
100 78
100 81
100 84
100 85
100 87
100 90
100 91
100 92
100 94
100 95
100 96
100 99
100 100
100 102
100 103
100 104
100 105
100 107
100 109
100 110
100 111
100 112
100 114
100 123
100 124
100 126
100 127
100 129
100 132
100 133
100 134
100 135
100 136
100 139
100 141
100 143
100 144
100 147
100 148
100 153
100 154
100 155
100 161
100 162
100 165
100 168
100 171
100 172
100 177
100 183
100 188
100 189
100 190
100 191
100 192
100 193
100 194
100 195
100 197
100 199
101 0
101 1
101 2
101 4
101 6
101 9
101 10
101 12
101 13
101 16
101 17
101 19
101 20
101 21
101 23
101 29
101 31
101 32
101 33
101 34
101 35
101 39
101 40
101 43
101 44
101 48
101 49
101 51
101 53
101 54
101 57
101 60
101 63
101 65
101 70
101 72
101 73
101 76
101 77
101 78
101 79
101 80
101 82
101 84
101 86
101 89
101 94
101 96
101 99
101 100
101 101
101 102
101 103
101 104
101 106
101 107
101 109
101 110
101 111
101 113
101 114
101 115
101 118
101 121
101 122
101 124
101 125
101 126
101 127
101 132
101 133
101 135
101 137
101 138
101 139
101 144
101 146
101 147
101 148
101 149
101 150
101 151
101 152
101 154
101 155
101 156
101 158
101 160
101 161
101 164
101 165
101 167
101 169
101 171
101 174
101 175
101 176
101 179
101 182
101 186
101 187
101 192
101 193
101 196
101 198
102 1
102 2
102 3
102 4
102 6
102 8
102 13
102 16
102 17
102 19
102 21
102 23
102 24
102 26
102 27
102 28
102 32
102 33
102 34
102 38
102 41
102 43
102 46
102 48
102 49
102 50
102 51
102 53
102 54
102 58
102 61
102 62
102 64
102 65
102 68
102 69
102 72
102 74
102 75
102 77
102 78
102 81
102 82
102 84
102 85
102 86
102 88
102 90
102 91
102 93
102 98
102 100
102 101
102 102
102 104
102 107
102 108
102 109
102 111
102 113
102 114
102 115
102 118
102 119
102 120
102 123
102 125
102 127
102 129
102 136
102 137
102 138
102 139
102 146
102 147
102 150
102 151
102 155
102 157
102 159
102 160
102 164
102 166
102 167
102 171
102 172
102 173
102 175
102 176
102 180
102 183
102 187
102 189
102 191
102 192
102 195
102 196
103 2
103 5
103 7
103 9
103 10
103 15
103 16
103 17
103 19
103 20
103 21
103 22
103 24
103 25
103 26
103 29
103 32
103 34
103 35
103 36
103 38
103 41
103 43
103 46
103 48
103 50
103 53
103 54
103 57
103 59
103 61
103 63
103 64
103 66
103 70
103 73
103 74
103 77
103 78
103 79
103 80
103 83
103 88
103 91
103 92
103 93
103 99
103 100
103 104
103 109
103 111
103 114
103 115
103 118
103 120
103 122
103 124
103 125
103 126
103 127
103 129
103 130
103 131
103 132
103 133
103 134
103 143
103 145
103 147
103 152
103 153
103 155
103 158
103 166
103 169
103 170
103 172
103 173
103 177
103 178
103 181
103 185
103 187
103 189
103 192
103 194
103 195
103 198
103 199
104 0
104 1
104 3
104 5
104 6
104 8
104 9
104 10
104 12
104 13
104 15
104 16
104 20
104 21
104 22
104 23
104 24
104 28
104 29
104 30
104 32
104 34
104 37
104 38
104 41
104 42
104 43
104 45
104 46
104 48
104 51
104 52
104 56
104 57
104 58
104 72
104 74
104 75
104 80
104 85
104 86
104 87
104 89
104 90
104 91
104 94
104 95
104 96
104 98
104 100
104 102
104 103
104 104
104 111
104 112
104 114
104 115
104 117
104 121
104 122
104 126
104 127
104 129
104 132
104 133
104 137
104 138
104 144
104 146
104 148
104 149
104 150
104 151
104 155
104 158
104 159
104 162
104 163
104 169
104 174
104 175
104 176
104 179
104 180
104 181
104 182
104 183
104 184
104 185
104 186
104 189
104 191
104 192
104 193
104 195
104 196
104 198
104 199
105 0
105 1
105 8
105 13
105 15
105 17
105 18
105 19
105 21
105 25
105 26
105 27
105 28
105 29
105 31
105 33
105 36
105 38
105 40
105 42
105 43
105 44
105 45
105 47
105 48
105 49
105 50
105 52
105 54
105 55
105 57
105 60
105 61
105 63
105 64
105 66
105 68
105 70
105 71
105 72
105 73
105 75
105 78
105 79
105 80
105 82
105 83
105 84
105 85
105 87
105 88
105 91
105 92
105 93
105 94
105 95
105 96
105 97
105 99
105 101
105 105
105 108
105 109
105 111
105 112
105 113
105 114
105 116
105 117
105 119
105 121
105 122
105 124
105 126
105 130
105 132
105 137
105 138
105 139
105 140
105 141
105 142
105 145
105 146
105 149
105 150
105 151
105 152
105 153
105 160
105 163
105 164
105 165
105 166
105 170
105 173
105 174
105 175
105 176
105 177
105 178
105 181
105 184
105 186
105 192
105 196
105 197
105 198
105 199
106 0
106 4
106 5
106 6
106 9
106 10
106 12
106 14
106 15
106 16
106 18
106 20
106 21
106 23
106 25
106 27
106 28
106 29
106 31
106 39
106 42
106 43
106 44
106 47
106 49
106 50
106 51
106 55
106 56
106 57
106 58
106 59
106 62
106 63
106 64
106 73
106 74
106 76
106 78
106 79
106 81
106 83
106 85
106 88
106 91
106 93
106 94
106 95
106 97
106 100
106 102
106 103
106 105
106 107
106 108
106 112
106 114
106 118
106 120
106 121
106 123
106 125
106 129
106 131
106 132
106 133
106 135
106 136
106 138
106 139
106 141
106 150
106 154
106 156
106 161
106 162
106 163
106 164
106 167
106 168
106 169
106 170
106 172
106 173
106 178
106 179
106 180
106 181
106 183
106 188
106 190
106 191
106 193
106 194
106 196
106 197
106 199
107 0
107 2
107 4
107 5
107 10
107 11
107 12
107 17
107 18
107 21
107 22
107 25
107 26
107 28
107 29
107 30
107 31
107 32
107 33
107 35
107 37
107 39
107 41
107 42
107 49
107 50
107 52
107 54
107 56
107 59
107 60
107 61
107 62
107 63
107 65
107 72
107 73
107 74
107 76
107 77
107 78
107 79
107 81
107 82
107 84
107 87
107 90
107 92
107 93
107 94
107 96
107 99
107 100
107 103
107 105
107 106
107 107
107 109
107 112
107 114
107 118
107 122
107 125
107 126
107 127
107 129
107 130
107 131
107 132
107 133
107 135
107 137
107 138
107 146
107 148
107 149
107 150
107 151
107 152
107 153
107 157
107 158
107 159
107 161
107 166
107 167
107 168
107 170
107 173
107 174
107 176
107 185
107 186
107 187
107 190
107 191
108 1
108 2
108 3
108 4
108 5
108 8
108 12
108 14
108 16
108 17
108 18
108 19
108 20
108 21
108 22
108 23
108 27
108 28
108 29
108 30
108 31
108 32
108 34
108 38
108 39
108 42
108 43
108 44
108 45
108 46
108 52
108 53
108 54
108 56
108 59
108 60
108 62
108 65
108 66
108 67
108 68
108 69
108 71
108 72
108 73
108 75
108 76
108 77
108 78
108 79
108 80
108 81
108 83
108 85
108 86
108 88
108 89
108 90
108 91
108 92
108 93
108 94
108 96
108 100
108 101
108 105
108 106
108 108
108 109
108 114
108 116
108 117
108 119
108 120
108 123
108 125
108 126
108 128
108 129
108 130
108 131
108 132
108 139
108 140
108 141
108 142
108 146
108 150
108 151
108 152
108 153
108 155
108 156
108 158
108 163
108 164
108 165
108 170
108 173
108 174
108 178
108 179
108 180
108 181
108 182
108 183
108 188
108 189
108 190
108 193
108 195
108 197
108 198
109 3
109 6
109 7
109 9
109 11
109 14
109 15
109 16
109 24
109 26
109 27
109 29
109 30
109 31
109 32
109 33
109 36
109 37
109 38
109 41
109 42
109 43
109 45
109 46
109 48
109 51
109 53
109 55
109 56
109 58
109 59
109 62
109 64
109 65
109 69
109 71
109 72
109 73
109 76
109 77
109 79
109 81
109 83
109 85
109 86
109 88
109 89
109 90
109 96
109 97
109 99
109 103
109 105
109 106
109 108
109 110
109 111
109 113
109 114
109 115
109 116
109 121
109 123
109 124
109 125
109 127
109 129
109 131
109 132
109 133
109 134
109 135
109 137
109 139
109 140
109 142
109 143
109 150
109 151
109 152
109 153
109 155
109 159
109 162
109 164
109 168
109 174
109 175
109 178
109 179
109 181
109 182
109 184
109 187
109 191
109 192
109 195
109 196
109 197
109 198
110 2
110 3
110 4
110 7
110 8
110 9
110 13
110 14
110 15
110 16
110 17
110 18
110 19
110 20
110 21
110 22
110 24
110 25
110 26
110 27
110 28
110 31
110 34
110 35
110 37
110 38
110 39
110 42
110 44
110 45
110 48
110 50
110 52
110 54
110 55
110 57
110 59
110 61
110 66
110 68
110 70
110 73
110 74
110 78
110 79
110 83
110 84
110 89
110 92
110 94
110 96
110 97
110 98
110 99
110 101
110 102
110 104
110 106
110 113
110 114
110 116
110 119
110 120
110 124
110 126
110 129
110 130
110 133
110 134
110 135
110 136
110 138
110 139
110 140
110 141
110 143
110 144
110 145
110 146
110 147
110 149
110 150
110 152
110 153
110 154
110 157
110 159
110 164
110 166
110 168
110 171
110 174
110 175
110 177
110 178
110 179
110 181
110 183
110 185
110 188
110 194
110 195
110 196
110 198
110 199
111 0
111 2
111 5
111 6
111 8
111 10
111 13
111 19
111 20
111 21
111 24
111 25
111 26
111 30
111 32
111 33
111 34
111 37
111 40
111 42
111 43
111 44
111 45
111 47
111 51
111 53
111 54
111 56
111 57
111 58
111 60
111 61
111 66
111 71
111 76
111 77
111 79
111 80
111 83
111 84
111 87
111 89
111 90
111 91
111 93
111 94
111 95
111 97
111 98
111 100
111 101
111 103
111 108
111 110
111 111
111 112
111 113
111 116
111 118
111 119
111 120
111 121
111 123
111 124
111 129
111 130
111 131
111 132
111 136
111 137
111 138
111 144
111 145
111 148
111 149
111 150
111 153
111 154
111 156
111 157
111 158
111 160
111 163
111 167
111 169
111 170
111 175
111 176
111 178
111 179
111 180
111 182
111 183
111 185
111 186
111 187
111 189
111 190
111 191
111 194
111 198
112 1
112 2
112 5
112 7
112 8
112 9
112 10
112 14
112 15
112 19
112 20
112 21
112 23
112 26
112 27
112 30
112 34
112 36
112 38
112 40
112 42
112 43
112 44
112 45
112 46
112 48
112 52
112 53
112 54
112 55
112 56
112 57
112 58
112 62
112 65
112 70
112 72
112 75
112 77
112 80
112 81
112 82
112 83
112 86
112 87
112 89
112 92
112 96
112 98
112 99
112 100
112 106
112 107
112 109
112 111
112 112
112 113
112 115
112 117
112 119
112 121
112 122
112 123
112 125
112 127
112 128
112 129
112 130
112 132
112 136
112 138
112 139
112 140
112 141
112 144
112 145
112 146
112 147
112 149
112 150
112 152
112 153
112 155
112 156
112 157
112 159
112 161
112 162
112 163
112 164
112 165
112 167
112 169
112 171
112 174
112 177
112 178
112 180
112 183
112 185
112 186
112 187
112 190
112 196
112 199
113 3
113 5
113 7
113 9
113 10
113 13
113 21
113 23
113 24
113 27
113 28
113 29
113 32
113 33
113 37
113 39
113 41
113 43
113 46
113 47
113 50
113 51
113 56
113 57
113 59
113 60
113 61
113 63
113 66
113 67
113 68
113 73
113 74
113 75
113 76
113 77
113 78
113 80
113 82
113 86
113 88
113 92
113 99
113 102
113 103
113 106
113 107
113 112
113 113
113 118
113 120
113 125
113 126
113 127
113 128
113 130
113 132
113 133
113 134
113 137
113 139
113 142
113 143
113 146
113 149
113 153
113 154
113 158
113 159
113 162
113 163
113 165
113 166
113 168
113 174
113 175
113 176
113 177
113 178
113 179
113 180
113 181
113 182
113 183
113 185
113 187
113 188
113 189
113 191
113 192
113 194
113 196
113 197
113 198
114 1
114 2
114 5
114 10
114 11
114 13
114 14
114 15
114 17
114 19
114 21
114 22
114 23
114 26
114 27
114 29
114 30
114 32
114 33
114 34
114 35
114 36
114 38
114 41
114 43
114 44
114 48
114 49
114 50
114 51
114 53
114 55
114 58
114 61
114 66
114 67
114 69
114 70
114 71
114 74
114 75
114 78
114 79
114 80
114 81
114 82
114 84
114 86
114 89
114 93
114 94
114 97
114 98
114 99
114 103
114 105
114 107
114 109
114 112
114 115
114 118
114 130
114 131
114 132
114 133
114 134
114 136
114 137
114 138
114 139
114 141
114 142
114 145
114 147
114 148
114 149
114 150
114 151
114 152
114 153
114 157
114 159
114 160
114 162
114 163
114 166
114 167
114 168
114 173
114 175
114 178
114 179
114 182
114 183
114 184
114 188
114 193
114 199
115 4
115 5
115 7
115 10
115 11
115 12
115 13
115 16
115 20
115 22
115 26
115 29
115 31
115 32
115 33
115 34
115 35
115 39
115 40
115 43
115 44
115 47
115 48
115 50
115 51
115 52
115 53
115 54
115 56
115 59
115 60
115 68
115 70
115 71
115 75
115 79
115 80
115 82
115 83
115 86
115 87
115 89
115 91
115 93
115 95
115 97
115 98
115 101
115 106
115 108
115 110
115 113
115 116
115 118
115 119
115 122
115 123
115 124
115 129
115 130
115 132
115 135
115 136
115 139
115 140
115 141
115 144
115 145
115 146
115 150
115 156
115 158
115 159
115 160
115 161
115 164
115 165
115 169
115 170
115 171
115 172
115 173
115 174
115 175
115 178
115 179
115 180
115 181
115 182
115 183
115 186
115 188
115 191
115 193
115 195
115 197
115 198
115 199
116 0
116 1
116 2
116 3
116 5
116 6
116 8
116 9
116 12
116 13
116 14
116 15
116 16
116 17
116 18
116 23
116 24
116 26
116 28
116 30
116 34
116 35
116 37
116 41
116 43
116 46
116 47
116 48
116 55
116 56
116 63
116 64
116 65
116 66
116 69
116 70
116 76
116 78
116 79
116 80
116 83
116 85
116 87
116 89
116 91
116 95
116 96
116 99
116 100
116 101
116 103
116 106
116 108
116 112
116 117
116 118
116 119
116 120
116 123
116 125
116 126
116 127
116 129
116 130
116 133
116 134
116 135
116 137
116 140
116 141
116 142
116 144
116 146
116 147
116 148
116 149
116 151
116 152
116 155
116 157
116 159
116 164
116 166
116 167
116 173
116 175
116 176
116 178
116 180
116 183
116 184
116 186
116 189
116 193
116 195
116 197
117 0
117 3
117 4
117 5
117 7
117 10
117 14
117 15
117 17
117 18
117 19
117 25
117 26
117 29
117 38
117 39
117 42
117 43
117 44
117 45
117 47
117 48
117 49
117 50
117 56
117 58
117 60
117 61
117 63
117 65
117 66
117 68
117 69
117 77
117 78
117 80
117 81
117 88
117 89
117 90
117 93
117 96
117 97
117 98
117 99
117 101
117 102
117 103
117 105
117 108
117 109
117 110
117 111
117 116
117 118
117 122
117 126
117 128
117 132
117 136
117 138
117 141
117 144
117 145
117 146
117 150
117 151
117 153
117 154
117 157
117 158
117 162
117 164
117 166
117 167
117 169
117 171
117 177
117 179
117 180
117 184
117 186
117 187
117 188
117 190
117 191
117 193
117 195
117 196
117 197
118 0
118 1
118 5
118 7
118 9
118 14
118 15
118 19
118 21
118 23
118 28
118 33
118 34
118 40
118 44
118 46
118 47
118 49
118 50
118 53
118 55
118 56
118 58
118 61
118 62
118 64
118 66
118 69
118 70
118 71
118 72
118 73
118 74
118 75
118 78
118 79
118 82
118 83
118 85
118 86
118 87
118 88
118 91
118 93
118 94
118 95
118 96
118 98
118 99
118 102
118 107
118 108
118 109
118 110
118 113
118 114
118 115
118 116
118 117
118 118
118 121
118 122
118 125
118 127
118 128
118 129
118 130
118 131
118 133
118 137
118 141
118 142
118 143
118 144
118 145
118 148
118 153
118 155
118 156
118 157
118 159
118 160
118 161
118 164
118 167
118 168
118 173
118 174
118 176
118 177
118 178
118 179
118 182
118 186
118 189
118 190
118 192
118 193
118 195
118 196
118 197
118 198
119 0
119 4
119 5
119 7
119 9
119 10
119 15
119 16
119 18
119 20
119 25
119 29
119 33
119 34
119 35
119 36
119 43
119 44
119 45
119 46
119 49
119 50
119 52
119 54
119 56
119 57
119 66
119 68
119 70
119 71
119 74
119 75
119 78
119 80
119 81
119 84
119 85
119 86
119 87
119 88
119 90
119 91
119 93
119 94
119 95
119 96
119 97
119 100
119 104
119 106
119 118
119 119
119 120
119 122
119 123
119 124
119 126
119 131
119 138
119 140
119 143
119 145
119 146
119 147
119 148
119 149
119 151
119 154
119 156
119 158
119 161
119 162
119 163
119 169
119 172
119 173
119 176
119 177
119 181
119 182
119 186
119 187
119 188
119 189
119 193
119 196
119 197
119 198
119 199
120 1
120 6
120 8
120 10
120 11
120 15
120 16
120 17
120 18
120 19
120 21
120 22
120 23
120 27
120 34
120 36
120 37
120 42
120 45
120 46
120 47
120 49
120 51
120 53
120 54
120 56
120 57
120 58
120 60
120 61
120 62
120 63
120 64
120 67
120 68
120 70
120 74
120 75
120 76
120 77
120 79
120 83
120 86
120 87
120 89
120 95
120 99
120 101
120 102
120 104
120 106
120 109
120 110
120 111
120 113
120 120
120 121
120 124
120 125
120 127
120 128
120 130
120 132
120 136
120 138
120 139
120 141
120 142
120 143
120 144
120 146
120 147
120 148
120 150
120 152
120 153
120 157
120 158
120 159
120 161
120 162
120 165
120 166
120 168
120 169
120 176
120 178
120 182
120 183
120 184
120 186
120 187
120 189
120 190
120 195
120 197
121 0
121 2
121 4
121 7
121 8
121 10
121 13
121 14
121 16
121 17
121 19
121 20
121 22
121 26
121 28
121 29
121 34
121 38
121 39
121 40
121 42
121 44
121 46
121 48
121 49
121 50
121 53
121 60
121 61
121 62
121 63
121 65
121 71
121 72
121 73
121 74
121 75
121 76
121 78
121 83
121 84
121 85
121 86
121 88
121 89
121 93
121 96
121 97
121 100
121 101
121 102
121 103
121 104
121 107
121 114
121 115
121 126
121 127
121 129
121 130
121 133
121 134
121 135
121 136
121 138
121 139
121 144
121 145
121 146
121 147
121 149
121 152
121 153
121 155
121 156
121 157
121 159
121 163
121 165
121 168
121 169
121 170
121 173
121 174
121 175
121 176
121 178
121 179
121 180
121 183
121 185
121 186
121 187
121 189
121 190
121 192
121 193
121 194
121 195
122 1
122 2
122 3
122 5
122 6
122 8
122 9
122 10
122 11
122 14
122 15
122 16
122 18
122 23
122 25
122 26
122 30
122 32
122 34
122 35
122 36
122 38
122 39
122 42
122 43
122 44
122 45
122 46
122 48
122 51
122 54
122 55
122 59
122 61
122 62
122 63
122 64
122 65
122 72
122 73
122 78
122 81
122 82
122 83
122 84
122 86
122 87
122 90
122 92
122 95
122 97
122 98
122 99
122 100
122 101
122 103
122 105
122 106
122 107
122 110
122 111
122 113
122 114
122 118
122 119
122 120
122 121
122 122
122 127
122 128
122 129
122 130
122 131
122 132
122 133
122 134
122 135
122 141
122 143
122 147
122 148
122 149
122 150
122 151
122 154
122 159
122 161
122 162
122 163
122 164
122 167
122 168
122 170
122 171
122 172
122 173
122 177
122 178
122 179
122 181
122 182
122 185
122 187
122 188
122 189
122 190
122 193
122 196
122 197
122 198
123 0
123 1
123 2
123 3
123 5
123 6
123 7
123 9
123 10
123 12
123 13
123 14
123 15
123 17
123 19
123 21
123 22
123 23
123 25
123 26
123 27
123 28
123 29
123 31
123 33
123 35
123 36
123 43
123 44
123 47
123 48
123 49
123 50
123 52
123 59
123 61
123 63
123 66
123 68
123 71
123 76
123 77
123 78
123 79
123 85
123 86
123 89
123 90
123 91
123 93
123 95
123 98
123 99
123 103
123 104
123 107
123 109
123 113
123 117
123 120
123 121
123 122
123 124
123 125
123 127
123 130
123 131
123 134
123 135
123 137
123 139
123 141
123 142
123 143
123 145
123 146
123 148
123 149
123 151
123 152
123 153
123 156
123 157
123 158
123 159
123 160
123 162
123 165
123 166
123 168
123 169
123 170
123 173
123 174
123 175
123 177
123 180
123 185
123 189
123 190
123 191
123 193
123 195
123 196
123 198
123 199
124 0
124 1
124 4
124 5
124 6
124 7
124 12
124 13
124 16
124 17
124 19
124 20
124 23
124 24
124 29
124 31
124 32
124 35
124 37
124 42
124 48
124 49
124 50
124 52
124 53
124 55
124 63
124 65
124 66
124 67
124 68
124 69
124 70
124 71
124 75
124 76
124 79
124 80
124 81
124 82
124 85
124 86
124 87
124 89
124 90
124 92
124 93
124 95
124 97
124 106
124 108
124 110
124 111
124 114
124 115
124 117
124 120
124 121
124 125
124 132
124 135
124 136
124 137
124 140
124 143
124 144
124 148
124 150
124 153
124 154
124 157
124 159
124 162
124 163
124 164
124 167
124 168
124 169
124 172
124 173
124 178
124 179
124 183
124 185
124 187
124 188
124 189
124 191
124 193
124 196
124 198
125 1
125 2
125 4
125 5
125 6
125 8
125 11
125 12
125 13
125 15
125 16
125 20
125 21
125 24
125 25
125 26
125 28
125 29
125 30
125 34
125 37
125 38
125 39
125 40
125 41
125 42
125 43
125 44
125 45
125 47
125 53
125 54
125 59
125 64
125 68
125 70
125 73
125 78
125 80
125 81
125 82
125 87
125 88
125 90
125 91
125 92
125 96
125 97
125 100
125 101
125 102
125 104
125 111
125 112
125 113
125 115
125 117
125 118
125 121
125 122
125 124
125 125
125 127
125 129
125 130
125 131
125 134
125 135
125 137
125 141
125 142
125 143
125 145
125 149
125 150
125 152
125 154
125 157
125 160
125 161
125 162
125 163
125 166
125 168
125 172
125 173
125 174
125 176
125 177
125 179
125 181
125 184
125 185
125 186
125 188
125 189
125 194
125 198
126 0
126 2
126 5
126 6
126 11
126 12
126 13
126 15
126 17
126 18
126 20
126 23
126 24
126 26
126 29
126 30
126 32
126 34
126 36
126 37
126 38
126 39
126 41
126 42
126 43
126 44
126 48
126 50
126 52
126 53
126 55
126 58
126 59
126 61
126 62
126 63
126 64
126 67
126 68
126 75
126 76
126 77
126 78
126 81
126 82
126 84
126 85
126 86
126 87
126 88
126 89
126 90
126 91
126 94
126 95
126 96
126 97
126 99
126 101
126 102
126 105
126 106
126 107
126 108
126 109
126 110
126 115
126 116
126 118
126 119
126 122
126 124
126 125
126 130
126 131
126 135
126 138
126 142
126 143
126 145
126 149
126 151
126 152
126 155
126 156
126 157
126 158
126 159
126 160
126 161
126 163
126 164
126 166
126 167
126 168
126 170
126 172
126 177
126 178
126 179
126 181
126 182
126 183
126 185
126 189
126 190
126 191
126 192
126 193
126 195
126 196
126 197
126 198
127 0
127 1
127 3
127 5
127 9
127 12
127 13
127 14
127 15
127 17
127 19
127 20
127 22
127 24
127 25
127 26
127 27
127 28
127 29
127 34
127 35
127 37
127 38
127 39
127 45
127 46
127 49
127 51
127 52
127 53
127 54
127 55
127 60
127 62
127 63
127 64
127 66
127 67
127 72
127 75
127 76
127 79
127 80
127 82
127 84
127 88
127 89
127 90
127 92
127 93
127 95
127 98
127 100
127 101
127 102
127 104
127 112
127 113
127 114
127 115
127 116
127 117
127 121
127 122
127 123
127 126
127 127
127 129
127 130
127 132
127 136
127 137
127 139
127 141
127 143
127 144
127 145
127 146
127 147
127 148
127 152
127 154
127 155
127 157
127 164
127 165
127 166
127 167
127 168
127 169
127 170
127 173
127 175
127 181
127 182
127 183
127 184
127 186
127 187
127 188
127 189
127 190
127 191
127 192
127 193
127 197
128 0
128 5
128 6
128 8
128 9
128 10
128 11
128 13
128 15
128 17
128 20
128 25
128 26
128 27
128 29
128 31
128 32
128 33
128 36
128 37
128 42
128 50
128 55
128 56
128 57
128 58
128 59
128 60
128 61
128 65
128 66
128 68
128 69
128 73
128 75
128 76
128 77
128 78
128 79
128 80
128 83
128 85
128 86
128 87
128 93
128 97
128 98
128 100
128 102
128 103
128 107
128 112
128 114
128 118
128 119
128 120
128 121
128 124
128 125
128 126
128 129
128 132
128 134
128 136
128 143
128 147
128 150
128 155
128 156
128 157
128 160
128 162
128 163
128 164
128 165
128 170
128 171
128 172
128 183
128 184
128 185
128 186
128 187
128 191
128 192
128 193
128 194
128 196
128 197
128 199
129 1
129 3
129 5
129 6
129 7
129 8
129 9
129 11
129 12
129 13
129 14
129 17
129 18
129 20
129 24
129 25
129 27
129 29
129 31
129 33
129 35
129 37
129 38
129 39
129 40
129 41
129 44
129 46
129 52
129 53
129 55
129 57
129 58
129 59
129 66
129 70
129 71
129 73
129 75
129 76
129 80
129 81
129 87
129 89
129 90
129 91
129 92
129 93
129 94
129 96
129 98
129 104
129 108
129 110
129 111
129 113
129 114
129 116
129 118
129 120
129 121
129 122
129 126
129 130
129 132
129 133
129 135
129 139
129 141
129 142
129 145
129 146
129 147
129 148
129 150
129 153
129 154
129 155
129 157
129 162
129 163
129 164
129 173
129 176
129 177
129 179
129 181
129 182
129 183
129 184
129 186
129 188
129 189
129 192
129 193
129 194
129 198
130 0
130 1
130 3
130 4
130 8
130 10
130 11
130 13
130 14
130 15
130 16
130 19
130 20
130 21
130 22
130 23
130 24
130 25
130 28
130 29
130 30
130 31
130 36
130 39
130 40
130 44
130 45
130 51
130 54
130 56
130 58
130 60
130 61
130 64
130 66
130 69
130 71
130 73
130 79
130 81
130 82
130 85
130 88
130 89
130 90
130 91
130 92
130 93
130 94
130 96
130 99
130 104
130 105
130 106
130 109
130 110
130 111
130 112
130 113
130 115
130 116
130 120
130 121
130 122
130 125
130 127
130 128
130 129
130 130
130 133
130 134
130 137
130 139
130 141
130 142
130 147
130 153
130 154
130 157
130 160
130 161
130 162
130 163
130 164
130 167
130 169
130 170
130 173
130 174
130 178
130 182
130 183
130 185
130 188
130 190
130 191
130 193
130 195
130 198
131 0
131 1
131 3
131 4
131 5
131 6
131 8
131 9
131 13
131 17
131 18
131 19
131 21
131 22
131 26
131 28
131 31
131 32
131 33
131 34
131 37
131 38
131 39
131 45
131 48
131 49
131 51
131 52
131 53
131 55
131 63
131 64
131 66
131 69
131 71
131 74
131 76
131 79
131 81
131 83
131 85
131 86
131 88
131 90
131 91
131 92
131 98
131 102
131 103
131 104
131 105
131 107
131 108
131 110
131 114
131 115
131 116
131 118
131 119
131 121
131 122
131 123
131 125
131 126
131 129
131 130
131 131
131 132
131 133
131 134
131 135
131 136
131 139
131 141
131 144
131 145
131 154
131 155
131 156
131 157
131 158
131 159
131 160
131 161
131 165
131 166
131 167
131 169
131 170
131 171
131 174
131 175
131 176
131 177
131 178
131 184
131 187
131 196
131 197
131 198
131 199
132 2
132 3
132 4
132 5
132 6
132 10
132 11
132 13
132 14
132 16
132 21
132 23
132 26
132 27
132 28
132 30
132 32
132 33
132 34
132 35
132 37
132 38
132 39
132 40
132 41
132 43
132 47
132 50
132 53
132 54
132 55
132 57
132 60
132 61
132 64
132 66
132 68
132 71
132 72
132 73
132 74
132 75
132 76
132 79
132 81
132 82
132 84
132 86
132 90
132 92
132 93
132 95
132 98
132 101
132 104
132 106
132 107
132 110
132 112
132 115
132 116
132 117
132 119
132 120
132 121
132 122
132 124
132 126
132 130
132 131
132 132
132 133
132 134
132 139
132 140
132 141
132 144
132 145
132 146
132 147
132 148
132 150
132 151
132 152
132 155
132 156
132 158
132 159
132 161
132 165
132 166
132 167
132 168
132 169
132 171
132 172
132 173
132 174
132 176
132 177
132 181
132 182
132 183
132 184
132 185
132 186
132 187
132 188
132 189
132 190
132 197
133 0
133 3
133 6
133 8
133 9
133 10
133 13
133 14
133 15
133 16
133 20
133 21
133 26
133 27
133 29
133 33
133 34
133 36
133 37
133 38
133 39
133 40
133 42
133 43
133 44
133 46
133 47
133 48
133 49
133 52
133 56
133 59
133 63
133 64
133 66
133 67
133 73
133 75
133 77
133 78
133 81
133 82
133 84
133 89
133 90
133 92
133 94
133 95
133 96
133 97
133 99
133 100
133 102
133 103
133 105
133 107
133 108
133 110
133 115
133 119
133 120
133 122
133 126
133 127
133 128
133 129
133 131
133 132
133 133
133 134
133 137
133 138
133 141
133 144
133 145
133 147
133 149
133 151
133 152
133 154
133 155
133 157
133 165
133 167
133 168
133 170
133 171
133 172
133 175
133 176
133 177
133 178
133 179
133 180
133 181
133 183
133 185
133 186
133 187
133 188
133 189
133 196
133 197
133 198
134 1
134 3
134 4
134 7
134 10
134 12
134 15
134 17
134 18
134 23
134 24
134 25
134 27
134 28
134 29
134 32
134 35
134 36
134 40
134 41
134 44
134 45
134 46
134 47
134 53
134 54
134 58
134 59
134 61
134 62
134 63
134 65
134 68
134 69
134 71
134 72
134 74
134 75
134 76
134 78
134 80
134 85
134 87
134 91
134 92
134 96
134 97
134 98
134 100
134 105
134 112
134 113
134 115
134 118
134 119
134 120
134 122
134 123
134 124
134 127
134 128
134 132
134 136
134 145
134 146
134 147
134 150
134 151
134 152
134 153
134 154
134 155
134 157
134 158
134 163
134 166
134 168
134 169
134 171
134 174
134 175
134 176
134 177
134 180
134 188
134 190
134 191
134 195
134 197
134 198
135 2
135 3
135 4
135 7
135 9
135 11
135 15
135 16
135 17
135 18
135 19
135 26
135 28
135 29
135 33
135 34
135 35
135 37
135 38
135 40
135 42
135 48
135 49
135 51
135 53
135 58
135 60
135 61
135 62
135 65
135 66
135 67
135 69
135 71
135 72
135 73
135 74
135 75
135 78
135 82
135 83
135 84
135 85
135 86
135 87
135 88
135 89
135 90
135 91
135 92
135 94
135 96
135 98
135 100
135 102
135 103
135 108
135 111
135 113
135 117
135 118
135 127
135 128
135 132
135 136
135 137
135 138
135 140
135 141
135 142
135 144
135 147
135 150
135 152
135 154
135 155
135 156
135 158
135 159
135 160
135 164
135 174
135 176
135 178
135 182
135 184
135 187
135 188
135 189
135 190
135 197
135 199
136 0
136 1
136 2
136 3
136 4
136 7
136 9
136 11
136 13
136 18
136 19
136 20
136 21
136 23
136 24
136 25
136 27
136 30
136 31
136 33
136 36
136 37
136 39
136 41
136 44
136 45
136 48
136 52
136 53
136 56
136 57
136 59
136 60
136 62
136 64
136 65
136 66
136 68
136 69
136 72
136 73
136 75
136 76
136 80
136 82
136 83
136 86
136 87
136 89
136 90
136 91
136 93
136 97
136 99
136 102
136 105
136 106
136 107
136 112
136 113
136 114
136 115
136 117
136 118
136 119
136 120
136 122
136 124
136 128
136 129
136 130
136 131
136 132
136 135
136 137
136 142
136 144
136 145
136 147
136 148
136 149
136 151
136 154
136 156
136 157
136 159
136 160
136 161
136 165
136 166
136 167
136 168
136 169
136 171
136 173
136 174
136 176
136 181
136 182
136 183
136 185
136 186
136 188
136 189
136 190
136 195
136 196
136 197
136 199
137 2
137 6
137 7
137 8
137 9
137 10
137 11
137 14
137 15
137 18
137 20
137 21
137 24
137 26
137 29
137 32
137 35
137 36
137 40
137 43
137 45
137 46
137 47
137 48
137 49
137 51
137 52
137 54
137 55
137 56
137 57
137 64
137 65
137 66
137 72
137 74
137 75
137 77
137 80
137 81
137 82
137 84
137 89
137 90
137 91
137 95
137 96
137 97
137 98
137 100
137 103
137 105
137 113
137 118
137 120
137 121
137 123
137 124
137 125
137 127
137 129
137 130
137 131
137 132
137 133
137 136
137 140
137 141
137 142
137 145
137 155
137 159
137 161
137 162
137 163
137 167
137 168
137 175
137 177
137 178
137 182
137 185
137 186
137 187
137 189
137 190
137 195
137 196
137 197
137 198
138 7
138 8
138 9
138 13
138 16
138 18
138 19
138 25
138 26
138 31
138 32
138 33
138 34
138 35
138 39
138 40
138 43
138 45
138 46
138 47
138 48
138 49
138 50
138 53
138 54
138 55
138 56
138 58
138 62
138 65
138 66
138 69
138 71
138 73
138 77
138 79
138 80
138 81
138 83
138 90
138 91
138 93
138 96
138 98
138 102
138 104
138 105
138 106
138 107
138 108
138 110
138 113
138 115
138 116
138 121
138 124
138 126
138 129
138 130
138 133
138 134
138 135
138 137
138 138
138 140
138 146
138 147
138 148
138 149
138 156
138 160
138 163
138 164
138 169
138 170
138 173
138 177
138 178
138 183
138 184
138 185
138 190
138 195
138 197
138 198
139 0
139 2
139 4
139 5
139 6
139 9
139 12
139 13
139 14
139 16
139 18
139 20
139 21
139 22
139 28
139 31
139 35
139 37
139 38
139 40
139 52
139 59
139 61
139 62
139 63
139 66
139 67
139 70
139 71
139 72
139 77
139 79
139 82
139 84
139 85
139 87
139 93
139 94
139 96
139 101
139 103
139 105
139 106
139 108
139 109
139 112
139 113
139 114
139 116
139 117
139 120
139 122
139 123
139 125
139 126
139 127
139 128
139 133
139 134
139 139
139 142
139 143
139 147
139 153
139 155
139 156
139 157
139 158
139 160
139 168
139 169
139 170
139 171
139 172
139 173
139 176
139 177
139 180
139 185
139 187
139 188
139 189
139 190
139 191
139 193
139 194
139 196
140 0
140 1
140 2
140 3
140 4
140 6
140 8
140 9
140 11
140 12
140 15
140 16
140 18
140 19
140 21
140 23
140 24
140 28
140 30
140 32
140 35
140 38
140 39
140 40
140 41
140 46
140 48
140 50
140 51
140 52
140 58
140 59
140 60
140 61
140 62
140 63
140 64
140 66
140 71
140 72
140 74
140 75
140 76
140 80
140 88
140 92
140 94
140 95
140 96
140 97
140 99
140 102
140 103
140 104
140 105
140 106
140 107
140 110
140 112
140 115
140 116
140 118
140 121
140 122
140 123
140 124
140 126
140 127
140 129
140 131
140 132
140 134
140 136
140 137
140 138
140 139
140 140
140 141
140 145
140 146
140 152
140 153
140 156
140 157
140 160
140 165
140 166
140 169
140 172
140 174
140 175
140 176
140 177
140 178
140 180
140 181
140 184
140 185
140 186
140 187
140 188
140 190
140 191
140 192
140 193
140 194
140 195
140 197
140 199
141 0
141 5
141 6
141 10
141 11
141 12
141 14
141 16
141 18
141 20
141 22
141 24
141 26
141 27
141 28
141 29
141 30
141 35
141 36
141 39
141 40
141 41
141 42
141 43
141 46
141 49
141 50
141 51
141 52
141 55
141 58
141 59
141 60
141 61
141 63
141 64
141 68
141 69
141 74
141 76
141 77
141 78
141 80
141 81
141 84
141 85
141 86
141 88
141 89
141 91
141 93
141 94
141 96
141 104
141 105
141 107
141 108
141 109
141 110
141 111
141 112
141 113
141 114
141 118
141 119
141 121
141 123
141 127
141 128
141 129
141 130
141 132
141 135
141 137
141 140
141 141
141 145
141 146
141 147
141 148
141 151
141 156
141 158
141 159
141 160
141 162
141 164
141 166
141 168
141 169
141 170
141 171
141 172
141 173
141 175
141 176
141 177
141 178
141 179
141 180
141 181
141 183
141 184
141 185
141 188
141 189
141 190
141 191
141 194
141 195
141 196
141 198
141 199
142 2
142 3
142 4
142 5
142 6
142 8
142 12
142 14
142 15
142 17
142 19
142 21
142 26
142 28
142 29
142 31
142 37
142 42
142 47
142 48
142 49
142 50
142 51
142 52
142 54
142 57
142 59
142 63
142 65
142 66
142 67
142 70
142 71
142 75
142 76
142 77
142 84
142 85
142 88
142 89
142 92
142 94
142 95
142 96
142 97
142 100
142 101
142 102
142 104
142 107
142 108
142 110
142 111
142 113
142 114
142 116
142 118
142 120
142 121
142 122
142 124
142 125
142 127
142 128
142 129
142 130
142 132
142 135
142 142
142 143
142 146
142 147
142 148
142 150
142 155
142 156
142 158
142 161
142 163
142 164
142 166
142 171
142 172
142 174
142 176
142 177
142 179
142 182
142 183
142 189
142 190
142 191
142 192
142 193
142 195
142 196
142 199
143 0
143 5
143 7
143 8
143 10
143 16
143 18
143 19
143 21
143 22
143 24
143 25
143 28
143 29
143 30
143 32
143 33
143 34
143 36
143 38
143 42
143 44
143 49
143 50
143 51
143 54
143 55
143 56
143 60
143 62
143 69
143 73
143 75
143 76
143 79
143 81
143 82
143 84
143 86
143 88
143 89
143 91
143 92
143 97
143 98
143 100
143 101
143 105
143 109
143 111
143 114
143 116
143 117
143 119
143 125
143 130
143 133
143 135
143 136
143 139
143 141
143 142
143 145
143 149
143 153
143 154
143 155
143 158
143 163
143 168
143 173
143 174
143 175
143 176
143 179
143 180
143 181
143 182
143 183
143 185
143 186
143 188
143 189
143 191
143 194
143 196
143 197
143 198
143 199
144 0
144 2
144 3
144 5
144 7
144 8
144 10
144 11
144 13
144 14
144 15
144 17
144 20
144 27
144 28
144 29
144 31
144 33
144 35
144 36
144 37
144 40
144 42
144 44
144 45
144 46
144 47
144 48
144 49
144 50
144 51
144 52
144 53
144 54
144 55
144 56
144 57
144 59
144 60
144 61
144 62
144 66
144 68
144 69
144 75
144 78
144 80
144 87
144 89
144 90
144 91
144 94
144 95
144 96
144 98
144 100
144 101
144 103
144 104
144 109
144 110
144 111
144 117
144 118
144 119
144 120
144 121
144 122
144 127
144 128
144 130
144 131
144 132
144 136
144 137
144 138
144 140
144 142
144 143
144 145
144 147
144 150
144 151
144 152
144 155
144 156
144 159
144 161
144 162
144 163
144 165
144 166
144 167
144 172
144 175
144 177
144 180
144 182
144 183
144 184
144 185
144 186
144 187
144 192
144 195
144 196
144 197
145 2
145 3
145 4
145 5
145 7
145 12
145 13
145 14
145 15
145 16
145 17
145 22
145 24
145 25
145 26
145 28
145 29
145 33
145 35
145 38
145 39
145 40
145 43
145 44
145 49
145 55
145 59
145 60
145 62
145 67
145 68
145 71
145 72
145 75
145 77
145 79
145 80
145 82
145 83
145 86
145 88
145 92
145 93
145 96
145 97
145 98
145 99
145 100
145 106
145 107
145 109
145 112
145 113
145 116
145 118
145 120
145 121
145 122
145 123
145 124
145 125
145 126
145 127
145 134
145 137
145 139
145 140
145 143
145 144
145 148
145 150
145 151
145 152
145 158
145 160
145 161
145 164
145 166
145 168
145 170
145 172
145 174
145 185
145 188
145 189
145 190
145 191
145 193
145 198
145 199
146 0
146 1
146 2
146 4
146 5
146 6
146 9
146 10
146 11
146 13
146 16
146 18
146 19
146 21
146 24
146 29
146 31
146 37
146 40
146 45
146 46
146 47
146 48
146 50
146 51
146 52
146 55
146 59
146 65
146 71
146 72
146 75
146 76
146 77
146 78
146 79
146 84
146 86
146 87
146 90
146 92
146 93
146 94
146 97
146 100
146 106
146 107
146 108
146 110
146 116
146 124
146 125
146 126
146 127
146 128
146 130
146 131
146 134
146 139
146 140
146 142
146 146
146 147
146 149
146 151
146 157
146 162
146 164
146 165
146 166
146 167
146 169
146 170
146 171
146 173
146 175
146 177
146 178
146 180
146 185
146 188
146 190
146 192
146 193
146 198
146 199
147 0
147 2
147 5
147 7
147 8
147 11
147 12
147 13
147 17
147 18
147 20
147 21
147 24
147 27
147 28
147 29
147 31
147 33
147 35
147 37
147 39
147 43
147 44
147 45
147 49
147 51
147 52
147 54
147 57
147 58
147 59
147 60
147 61
147 63
147 64
147 66
147 67
147 68
147 69
147 70
147 74
147 79
147 81
147 82
147 83
147 84
147 86
147 88
147 89
147 92
147 94
147 97
147 101
147 102
147 107
147 108
147 110
147 111
147 114
147 117
147 119
147 120
147 126
147 127
147 128
147 129
147 132
147 140
147 142
147 143
147 147
147 148
147 149
147 150
147 151
147 153
147 154
147 158
147 161
147 164
147 165
147 166
147 167
147 168
147 170
147 171
147 172
147 173
147 176
147 178
147 179
147 180
147 186
147 189
147 190
147 193
147 195
147 197
147 198
147 199
148 1
148 2
148 3
148 6
148 7
148 8
148 9
148 11
148 12
148 14
148 16
148 20
148 23
148 27
148 28
148 34
148 35
148 36
148 40
148 43
148 46
148 47
148 49
148 50
148 53
148 56
148 58
148 59
148 63
148 66
148 67
148 71
148 74
148 76
148 77
148 78
148 81
148 82
148 84
148 85
148 87
148 88
148 89
148 91
148 92
148 94
148 95
148 96
148 97
148 100
148 101
148 102
148 103
148 105
148 108
148 111
148 113
148 120
148 121
148 122
148 128
148 129
148 131
148 132
148 133
148 135
148 136
148 138
148 140
148 142
148 143
148 145
148 146
148 147
148 149
148 152
148 153
148 155
148 156
148 158
148 160
148 162
148 164
148 165
148 166
148 169
148 170
148 174
148 176
148 177
148 178
148 179
148 181
148 182
148 183
148 186
148 187
148 188
148 189
148 191
148 192
148 194
148 195
148 196
149 2
149 3
149 12
149 13
149 14
149 15
149 18
149 19
149 20
149 25
149 29
149 30
149 31
149 32
149 33
149 35
149 39
149 42
149 43
149 46
149 48
149 50
149 51
149 58
149 59
149 63
149 64
149 65
149 66
149 67
149 69
149 72
149 79
149 82
149 86
149 88
149 90
149 91
149 92
149 97
149 98
149 99
149 100
149 101
149 103
149 104
149 106
149 107
149 109
149 110
149 112
149 113
149 116
149 117
149 118
149 120
149 126
149 127
149 128
149 129
149 132
149 133
149 134
149 135
149 136
149 137
149 139
149 143
149 147
149 148
149 149
149 150
149 151
149 154
149 156
149 157
149 158
149 159
149 164
149 165
149 166
149 172
149 173
149 176
149 183
149 187
149 188
149 189
149 196
149 199
150 0
150 5
150 6
150 7
150 8
150 11
150 14
150 15
150 17
150 19
150 21
150 22
150 23
150 26
150 27
150 30
150 31
150 32
150 35
150 38
150 40
150 42
150 44
150 45
150 46
150 47
150 48
150 50
150 52
150 53
150 55
150 56
150 58
150 59
150 63
150 64
150 65
150 67
150 71
150 73
150 75
150 77
150 78
150 79
150 80
150 84
150 85
150 86
150 88
150 92
150 93
150 98
150 99
150 101
150 102
150 104
150 105
150 108
150 110
150 112
150 113
150 114
150 116
150 117
150 118
150 119
150 120
150 121
150 123
150 124
150 126
150 128
150 131
150 133
150 138
150 141
150 145
150 146
150 148
150 151
150 152
150 153
150 156
150 157
150 162
150 164
150 169
150 170
150 172
150 173
150 175
150 176
150 178
150 179
150 181
150 182
150 183
150 187
150 188
150 191
150 192
150 194
150 197
150 198
151 0
151 1
151 3
151 4
151 5
151 7
151 8
151 10
151 11
151 14
151 18
151 20
151 21
151 22
151 24
151 27
151 29
151 33
151 35
151 37
151 39
151 40
151 41
151 44
151 46
151 49
151 51
151 52
151 53
151 54
151 55
151 57
151 61
151 64
151 67
151 68
151 69
151 73
151 74
151 75
151 76
151 78
151 79
151 80
151 83
151 89
151 90
151 94
151 96
151 101
151 102
151 103
151 104
151 106
151 107
151 110
151 111
151 114
151 115
151 116
151 117
151 121
151 123
151 125
151 126
151 127
151 129
151 131
151 132
151 133
151 137
151 138
151 143
151 145
151 147
151 150
151 152
151 153
151 156
151 160
151 161
151 162
151 164
151 166
151 169
151 170
151 171
151 175
151 176
151 177
151 178
151 180
151 184
151 185
151 189
151 192
151 194
152 0
152 3
152 5
152 7
152 9
152 14
152 15
152 16
152 18
152 19
152 20
152 25
152 29
152 31
152 32
152 36
152 38
152 40
152 45
152 46
152 48
152 49
152 56
152 57
152 59
152 60
152 62
152 63
152 65
152 66
152 67
152 68
152 69
152 73
152 74
152 77
152 79
152 81
152 84
152 85
152 86
152 91
152 94
152 95
152 97
152 100
152 102
152 104
152 107
152 109
152 111
152 114
152 116
152 117
152 118
152 123
152 125
152 126
152 131
152 132
152 135
152 136
152 138
152 141
152 143
152 147
152 148
152 149
152 150
152 157
152 158
152 159
152 161
152 163
152 166
152 170
152 172
152 173
152 179
152 188
152 189
152 190
152 193
152 195
152 198
152 199
153 1
153 2
153 4
153 6
153 8
153 9
153 11
153 12
153 17
153 20
153 22
153 23
153 24
153 25
153 28
153 29
153 32
153 35
153 37
153 38
153 39
153 42
153 44
153 45
153 47
153 48
153 49
153 50
153 51
153 52
153 54
153 55
153 56
153 58
153 62
153 68
153 71
153 72
153 73
153 75
153 77
153 79
153 81
153 82
153 83
153 84
153 85
153 87
153 88
153 89
153 100
153 101
153 102
153 103
153 107
153 110
153 112
153 114
153 119
153 120
153 121
153 124
153 127
153 130
153 134
153 136
153 138
153 139
153 141
153 142
153 143
153 144
153 146
153 147
153 148
153 149
153 150
153 154
153 155
153 161
153 162
153 163
153 167
153 168
153 169
153 170
153 171
153 172
153 175
153 179
153 180
153 182
153 184
153 187
153 188
153 189
153 197
154 0
154 1
154 3
154 4
154 5
154 7
154 8
154 9
154 12
154 13
154 15
154 16
154 19
154 22
154 23
154 24
154 28
154 29
154 30
154 31
154 32
154 33
154 34
154 35
154 40
154 42
154 44
154 46
154 47
154 49
154 50
154 52
154 53
154 55
154 59
154 60
154 61
154 63
154 64
154 66
154 67
154 68
154 70
154 72
154 73
154 74
154 77
154 78
154 79
154 82
154 83
154 84
154 85
154 86
154 88
154 89
154 90
154 92
154 94
154 96
154 99
154 104
154 105
154 110
154 113
154 119
154 125
154 127
154 128
154 129
154 134
154 136
154 137
154 138
154 139
154 141
154 144
154 145
154 147
154 148
154 150
154 151
154 152
154 161
154 163
154 164
154 166
154 169
154 170
154 173
154 174
154 175
154 176
154 177
154 178
154 179
154 181
154 182
154 186
154 187
154 190
154 191
154 194
154 195
154 196
154 199
155 0
155 1
155 3
155 4
155 5
155 6
155 7
155 12
155 15
155 19
155 20
155 21
155 25
155 26
155 32
155 33
155 34
155 36
155 38
155 40
155 41
155 42
155 43
155 45
155 47
155 49
155 50
155 53
155 55
155 57
155 71
155 72
155 73
155 74
155 76
155 77
155 78
155 79
155 80
155 81
155 87
155 88
155 90
155 92
155 94
155 95
155 96
155 97
155 99
155 100
155 101
155 105
155 106
155 108
155 110
155 111
155 112
155 114
155 115
155 116
155 118
155 120
155 121
155 122
155 123
155 124
155 126
155 127
155 128
155 129
155 130
155 132
155 137
155 138
155 139
155 143
155 145
155 146
155 149
155 150
155 151
155 152
155 153
155 154
155 155
155 156
155 157
155 163
155 165
155 168
155 169
155 170
155 173
155 174
155 178
155 184
155 185
155 188
155 191
155 192
155 193
155 198
155 199
156 1
156 2
156 3
156 6
156 7
156 8
156 10
156 11
156 12
156 13
156 16
156 18
156 19
156 20
156 22
156 23
156 25
156 26
156 28
156 31
156 32
156 33
156 34
156 36
156 37
156 38
156 40
156 41
156 42
156 43
156 44
156 45
156 47
156 49
156 51
156 53
156 54
156 57
156 59
156 60
156 61
156 62
156 63
156 64
156 66
156 68
156 71
156 72
156 73
156 74
156 75
156 79
156 80
156 81
156 82
156 83
156 86
156 88
156 89
156 90
156 92
156 93
156 97
156 101
156 102
156 105
156 108
156 109
156 113
156 114
156 118
156 121
156 122
156 123
156 126
156 127
156 128
156 130
156 131
156 132
156 135
156 136
156 139
156 140
156 145
156 146
156 149
156 151
156 155
156 158
156 162
156 163
156 165
156 166
156 167
156 170
156 171
156 179
156 181
156 184
156 185
156 187
156 189
156 191
156 193
156 198
156 199
157 3
157 4
157 5
157 6
157 7
157 8
157 9
157 19
157 23
157 24
157 28
157 29
157 30
157 33
157 37
157 39
157 41
157 46
157 49
157 50
157 51
157 52
157 55
157 56
157 57
157 58
157 59
157 63
157 64
157 65
157 66
157 73
157 75
157 77
157 81
157 84
157 89
157 92
157 93
157 95
157 97
157 98
157 100
157 101
157 102
157 105
157 107
157 112
157 118
157 120
157 122
157 123
157 126
157 130
157 132
157 134
157 136
157 139
157 142
157 145
157 146
157 149
157 150
157 151
157 152
157 160
157 166
157 167
157 168
157 169
157 171
157 172
157 173
157 174
157 178
157 179
157 181
157 183
157 185
157 186
157 187
157 188
157 193
157 194
157 195
157 196
157 198
158 3
158 4
158 5
158 6
158 7
158 13
158 16
158 19
158 20
158 26
158 31
158 34
158 36
158 37
158 39
158 45
158 48
158 50
158 51
158 52
158 53
158 55
158 56
158 57
158 59
158 62
158 66
158 68
158 71
158 72
158 75
158 78
158 83
158 85
158 87
158 90
158 91
158 92
158 93
158 97
158 99
158 101
158 103
158 111
158 114
158 116
158 118
158 122
158 124
158 125
158 129
158 130
158 133
158 135
158 137
158 139
158 142
158 143
158 148
158 150
158 151
158 152
158 154
158 156
158 157
158 159
158 161
158 163
158 164
158 165
158 167
158 169
158 171
158 179
158 183
158 185
158 186
158 187
158 189
158 191
158 194
158 195
158 198
159 0
159 4
159 5
159 6
159 8
159 9
159 10
159 15
159 16
159 18
159 19
159 21
159 22
159 24
159 26
159 28
159 29
159 30
159 32
159 33
159 37
159 38
159 39
159 42
159 49
159 50
159 51
159 53
159 55
159 56
159 60
159 61
159 62
159 65
159 68
159 69
159 71
159 73
159 74
159 75
159 76
159 77
159 79
159 86
159 89
159 91
159 92
159 93
159 94
159 95
159 96
159 103
159 105
159 106
159 107
159 108
159 109
159 111
159 112
159 115
159 116
159 118
159 119
159 120
159 121
159 122
159 123
159 124
159 125
159 127
159 130
159 131
159 136
159 137
159 138
159 139
159 140
159 141
159 142
159 143
159 144
159 147
159 149
159 150
159 151
159 152
159 153
159 154
159 155
159 156
159 159
159 161
159 162
159 169
159 171
159 172
159 173
159 174
159 175
159 178
159 179
159 180
159 183
159 184
159 185
159 186
159 189
159 191
159 192
159 195
159 198
159 199
160 0
160 2
160 8
160 9
160 10
160 11
160 12
160 13
160 14
160 17
160 19
160 21
160 24
160 26
160 28
160 29
160 33
160 36
160 37
160 38
160 40
160 43
160 44
160 45
160 46
160 50
160 52
160 54
160 57
160 60
160 61
160 62
160 63
160 64
160 65
160 66
160 68
160 69
160 71
160 72
160 79
160 84
160 86
160 87
160 89
160 93
160 94
160 96
160 98
160 101
160 102
160 103
160 104
160 106
160 108
160 111
160 113
160 114
160 115
160 116
160 117
160 121
160 123
160 124
160 126
160 128
160 130
160 131
160 133
160 134
160 135
160 138
160 139
160 141
160 143
160 144
160 145
160 146
160 147
160 149
160 150
160 151
160 153
160 156
160 157
160 159
160 160
160 163
160 168
160 170
160 171
160 173
160 174
160 179
160 180
160 182
160 186
160 190
160 192
160 194
160 198
161 1
161 7
161 8
161 10
161 12
161 14
161 16
161 17
161 18
161 19
161 22
161 23
161 25
161 27
161 28
161 30
161 32
161 34
161 37
161 39
161 40
161 42
161 43
161 45
161 46
161 47
161 48
161 49
161 50
161 51
161 55
161 57
161 58
161 60
161 61
161 62
161 66
161 67
161 69
161 72
161 73
161 76
161 78
161 83
161 84
161 85
161 90
161 94
161 96
161 97
161 100
161 101
161 104
161 105
161 106
161 112
161 114
161 116
161 118
161 119
161 120
161 122
161 123
161 124
161 126
161 127
161 128
161 129
161 141
161 144
161 145
161 146
161 149
161 150
161 152
161 153
161 159
161 161
161 162
161 163
161 164
161 166
161 167
161 169
161 171
161 173
161 176
161 177
161 180
161 183
161 186
161 187
161 189
161 190
161 191
161 193
161 195
162 0
162 2
162 3
162 4
162 6
162 7
162 8
162 9
162 10
162 11
162 14
162 15
162 17
162 18
162 19
162 21
162 22
162 23
162 24
162 25
162 28
162 29
162 30
162 32
162 38
162 42
162 44
162 46
162 47
162 50
162 51
162 54
162 55
162 56
162 57
162 58
162 61
162 63
162 64
162 65
162 66
162 67
162 68
162 69
162 74
162 75
162 82
162 83
162 86
162 87
162 91
162 93
162 94
162 96
162 100
162 101
162 102
162 105
162 106
162 108
162 109
162 114
162 115
162 116
162 117
162 120
162 124
162 125
162 126
162 128
162 134
162 136
162 139
162 142
162 143
162 151
162 152
162 154
162 155
162 158
162 165
162 167
162 170
162 171
162 173
162 175
162 176
162 178
162 179
162 180
162 183
162 185
162 186
162 187
162 188
162 189
162 192
162 193
162 196
162 197
163 3
163 5
163 6
163 8
163 9
163 10
163 12
163 13
163 14
163 21
163 22
163 24
163 26
163 29
163 32
163 33
163 39
163 44
163 45
163 47
163 49
163 52
163 54
163 55
163 56
163 57
163 59
163 62
163 65
163 68
163 71
163 72
163 73
163 74
163 75
163 78
163 79
163 80
163 83
163 84
163 85
163 86
163 87
163 91
163 92
163 94
163 96
163 97
163 100
163 101
163 102
163 103
163 105
163 106
163 110
163 111
163 112
163 113
163 114
163 118
163 119
163 120
163 123
163 131
163 132
163 133
163 134
163 135
163 139
163 140
163 142
163 143
163 145
163 146
163 155
163 158
163 162
163 164
163 165
163 169
163 170
163 172
163 173
163 178
163 179
163 180
163 184
163 186
163 187
163 191
163 193
163 196
164 1
164 2
164 6
164 9
164 11
164 17
164 18
164 20
164 21
164 23
164 24
164 25
164 26
164 32
164 34
164 35
164 40
164 41
164 43
164 44
164 45
164 47
164 49
164 50
164 51
164 52
164 54
164 65
164 67
164 68
164 69
164 71
164 75
164 77
164 79
164 80
164 82
164 84
164 87
164 89
164 90
164 92
164 93
164 94
164 98
164 99
164 100
164 106
164 107
164 108
164 113
164 114
164 115
164 116
164 120
164 121
164 126
164 128
164 130
164 131
164 132
164 133
164 134
164 135
164 136
164 137
164 138
164 140
164 141
164 143
164 144
164 145
164 146
164 147
164 150
164 153
164 155
164 157
164 158
164 159
164 160
164 161
164 163
164 164
164 167
164 168
164 169
164 171
164 172
164 174
164 175
164 176
164 177
164 178
164 180
164 182
164 183
164 185
164 186
164 192
164 193
164 194
164 195
164 197
164 198
165 2
165 3
165 4
165 5
165 7
165 9
165 10
165 11
165 12
165 14
165 19
165 21
165 24
165 25
165 26
165 28
165 37
165 38
165 40
165 42
165 43
165 44
165 45
165 46
165 47
165 48
165 49
165 51
165 53
165 55
165 58
165 59
165 63
165 64
165 66
165 67
165 69
165 70
165 72
165 74
165 79
165 80
165 82
165 83
165 84
165 87
165 89
165 93
165 94
165 95
165 96
165 99
165 104
165 105
165 106
165 111
165 113
165 114
165 115
165 116
165 117
165 118
165 121
165 122
165 124
165 125
165 128
165 131
165 132
165 134
165 135
165 136
165 142
165 143
165 145
165 146
165 149
165 152
165 155
165 157
165 158
165 160
165 161
165 162
165 163
165 164
165 165
165 168
165 169
165 171
165 172
165 174
165 176
165 177
165 178
165 179
165 182
165 184
165 185
165 186
165 188
165 191
165 193
165 195
165 197
165 199
166 1
166 2
166 4
166 5
166 6
166 7
166 11
166 12
166 15
166 21
166 25
166 27
166 28
166 30
166 31
166 32
166 33
166 37
166 39
166 40
166 42
166 46
166 48
166 51
166 52
166 54
166 57
166 58
166 59
166 62
166 68
166 70
166 72
166 73
166 75
166 77
166 79
166 81
166 82
166 84
166 86
166 87
166 88
166 90
166 91
166 92
166 93
166 94
166 96
166 97
166 98
166 100
166 102
166 104
166 105
166 107
166 109
166 110
166 112
166 113
166 114
166 116
166 118
166 121
166 123
166 124
166 126
166 127
166 131
166 132
166 133
166 137
166 140
166 141
166 142
166 145
166 147
166 148
166 150
166 152
166 153
166 155
166 156
166 158
166 159
166 161
166 163
166 165
166 167
166 168
166 174
166 175
166 177
166 178
166 179
166 183
166 188
166 190
166 191
166 192
166 193
166 194
166 196
166 197
166 199
167 1
167 3
167 6
167 7
167 8
167 11
167 13
167 14
167 16
167 17
167 19
167 20
167 22
167 23
167 27
167 31
167 38
167 39
167 40
167 42
167 45
167 50
167 55
167 56
167 57
167 59
167 61
167 63
167 65
167 67
167 68
167 71
167 72
167 73
167 74
167 75
167 76
167 77
167 78
167 79
167 80
167 82
167 83
167 84
167 86
167 87
167 90
167 92
167 93
167 94
167 95
167 98
167 99
167 104
167 105
167 106
167 110
167 112
167 113
167 114
167 117
167 120
167 125
167 130
167 132
167 136
167 138
167 140
167 141
167 143
167 148
167 150
167 153
167 156
167 159
167 162
167 163
167 164
167 166
167 172
167 175
167 177
167 178
167 179
167 183
167 187
167 189
167 190
167 191
167 192
167 196
168 1
168 2
168 3
168 5
168 6
168 7
168 10
168 11
168 16
168 19
168 22
168 23
168 29
168 34
168 37
168 38
168 39
168 40
168 41
168 43
168 44
168 47
168 49
168 51
168 53
168 54
168 58
168 60
168 63
168 64
168 66
168 67
168 70
168 71
168 73
168 74
168 75
168 77
168 78
168 81
168 86
168 87
168 90
168 91
168 93
168 96
168 98
168 100
168 102
168 105
168 108
168 109
168 111
168 114
168 115
168 116
168 118
168 119
168 120
168 124
168 125
168 127
168 130
168 132
168 133
168 134
168 135
168 136
168 137
168 138
168 139
168 143
168 144
168 145
168 150
168 151
168 152
168 153
168 154
168 155
168 160
168 161
168 163
168 164
168 165
168 166
168 168
168 169
168 171
168 173
168 174
168 175
168 178
168 180
168 181
168 183
168 184
168 185
168 189
168 190
168 191
168 194
168 196
168 197
169 0
169 2
169 4
169 6
169 7
169 14
169 19
169 20
169 21
169 24
169 25
169 26
169 27
169 29
169 36
169 39
169 41
169 42
169 44
169 45
169 49
169 51
169 52
169 55
169 56
169 58
169 59
169 62
169 63
169 65
169 66
169 68
169 70
169 71
169 73
169 74
169 76
169 77
169 78
169 80
169 81
169 83
169 84
169 85
169 86
169 87
169 89
169 90
169 91
169 92
169 93
169 102
169 105
169 106
169 107
169 111
169 112
169 116
169 118
169 120
169 122
169 125
169 131
169 135
169 138
169 142
169 144
169 145
169 147
169 148
169 149
169 150
169 152
169 154
169 158
169 159
169 160
169 164
169 165
169 166
169 167
169 168
169 169
169 171
169 172
169 174
169 175
169 176
169 178
169 179
169 182
169 183
169 185
169 186
169 189
169 190
169 194
169 195
169 197
169 198
169 199
170 2
170 3
170 8
170 9
170 10
170 11
170 14
170 16
170 17
170 20
170 21
170 22
170 28
170 29
170 30
170 33
170 34
170 36
170 38
170 39
170 40
170 42
170 43
170 45
170 49
170 51
170 52
170 53
170 54
170 57
170 59
170 60
170 63
170 64
170 65
170 66
170 68
170 69
170 72
170 73
170 74
170 80
170 81
170 83
170 84
170 86
170 89
170 92
170 95
170 96
170 98
170 100
170 102
170 103
170 106
170 108
170 109
170 110
170 111
170 115
170 116
170 118
170 120
170 121
170 122
170 123
170 130
170 133
170 136
170 145
170 146
170 148
170 149
170 150
170 151
170 153
170 155
170 157
170 159
170 160
170 161
170 162
170 163
170 164
170 167
170 169
170 173
170 176
170 177
170 179
170 180
170 182
170 184
170 185
170 186
170 187
170 189
170 190
170 191
170 194
170 195
170 196
170 199
171 0
171 1
171 2
171 5
171 6
171 9
171 10
171 12
171 16
171 17
171 19
171 20
171 21
171 22
171 23
171 24
171 28
171 29
171 32
171 33
171 34
171 36
171 39
171 43
171 48
171 50
171 52
171 54
171 58
171 64
171 65
171 66
171 68
171 69
171 77
171 80
171 84
171 86
171 87
171 88
171 89
171 90
171 95
171 97
171 101
171 104
171 106
171 108
171 109
171 112
171 114
171 115
171 118
171 120
171 121
171 122
171 123
171 125
171 126
171 128
171 129
171 130
171 134
171 135
171 138
171 142
171 143
171 144
171 145
171 146
171 149
171 150
171 152
171 153
171 155
171 156
171 159
171 164
171 167
171 169
171 171
171 174
171 176
171 178
171 179
171 180
171 181
171 182
171 183
171 184
171 185
171 188
171 189
171 191
171 192
171 193
171 194
171 195
171 197
171 198
172 0
172 1
172 6
172 7
172 8
172 11
172 12
172 13
172 14
172 17
172 22
172 23
172 24
172 28
172 29
172 30
172 32
172 33
172 35
172 37
172 38
172 39
172 40
172 41
172 43
172 44
172 46
172 47
172 49
172 51
172 53
172 54
172 56
172 57
172 58
172 60
172 63
172 65
172 69
172 74
172 75
172 78
172 80
172 83
172 84
172 85
172 86
172 87
172 88
172 89
172 91
172 92
172 94
172 98
172 99
172 100
172 101
172 103
172 104
172 105
172 107
172 108
172 111
172 112
172 114
172 115
172 116
172 117
172 119
172 120
172 123
172 124
172 130
172 131
172 133
172 134
172 135
172 136
172 137
172 138
172 140
172 141
172 143
172 144
172 145
172 147
172 148
172 150
172 151
172 152
172 156
172 157
172 158
172 159
172 162
172 164
172 165
172 167
172 169
172 172
172 174
172 175
172 178
172 180
172 182
172 184
172 185
172 195
172 198
172 199
173 1
173 3
173 4
173 5
173 10
173 12
173 13
173 14
173 15
173 18
173 22
173 23
173 26
173 28
173 30
173 31
173 33
173 35
173 38
173 41
173 42
173 46
173 47
173 51
173 52
173 55
173 58
173 61
173 66
173 69
173 71
173 76
173 77
173 79
173 81
173 83
173 84
173 85
173 89
173 90
173 91
173 94
173 96
173 98
173 99
173 101
173 103
173 104
173 107
173 109
173 110
173 111
173 114
173 115
173 116
173 117
173 122
173 124
173 127
173 129
173 130
173 133
173 135
173 136
173 138
173 140
173 141
173 143
173 144
173 145
173 148
173 149
173 151
173 152
173 154
173 155
173 156
173 159
173 161
173 162
173 165
173 166
173 167
173 168
173 169
173 170
173 172
173 173
173 176
173 177
173 180
173 181
173 182
173 183
173 184
173 186
173 189
173 190
173 191
173 193
173 194
173 195
173 198
173 199
174 0
174 3
174 4
174 6
174 8
174 9
174 11
174 14
174 15
174 16
174 17
174 21
174 23
174 24
174 26
174 27
174 29
174 30
174 31
174 32
174 33
174 34
174 40
174 44
174 46
174 48
174 50
174 52
174 56
174 58
174 59
174 63
174 64
174 66
174 67
174 68
174 72
174 73
174 77
174 81
174 84
174 85
174 86
174 87
174 88
174 90
174 91
174 93
174 98
174 99
174 101
174 102
174 104
174 105
174 106
174 107
174 108
174 109
174 110
174 111
174 114
174 115
174 123
174 124
174 125
174 128
174 129
174 131
174 132
174 133
174 134
174 136
174 140
174 142
174 144
174 145
174 146
174 148
174 151
174 152
174 156
174 157
174 158
174 159
174 163
174 165
174 166
174 168
174 172
174 174
174 175
174 177
174 180
174 181
174 183
174 185
174 186
174 188
174 191
174 193
174 195
174 197
174 198
175 0
175 1
175 2
175 5
175 6
175 8
175 10
175 12
175 15
175 17
175 18
175 21
175 22
175 23
175 25
175 27
175 28
175 29
175 32
175 33
175 34
175 35
175 37
175 40
175 41
175 42
175 44
175 46
175 47
175 48
175 50
175 51
175 55
175 59
175 60
175 65
175 67
175 68
175 70
175 74
175 75
175 76
175 77
175 78
175 80
175 81
175 83
175 84
175 86
175 87
175 88
175 89
175 92
175 95
175 98
175 100
175 102
175 103
175 107
175 108
175 109
175 110
175 111
175 113
175 114
175 116
175 118
175 119
175 124
175 127
175 129
175 130
175 131
175 132
175 133
175 136
175 138
175 144
175 145
175 149
175 150
175 151
175 153
175 155
175 159
175 162
175 163
175 164
175 168
175 170
175 172
175 173
175 174
175 176
175 180
175 184
175 185
175 192
175 194
175 195
175 198
175 199
176 1
176 2
176 3
176 4
176 5
176 6
176 7
176 9
176 10
176 13
176 15
176 16
176 17
176 19
176 20
176 21
176 22
176 23
176 24
176 26
176 28
176 30
176 33
176 34
176 35
176 36
176 38
176 41
176 43
176 44
176 49
176 51
176 53
176 54
176 56
176 58
176 59
176 61
176 62
176 64
176 65
176 66
176 68
176 69
176 70
176 71
176 73
176 75
176 79
176 83
176 85
176 86
176 88
176 93
176 94
176 96
176 99
176 101
176 102
176 104
176 107
176 108
176 110
176 113
176 114
176 115
176 116
176 117
176 122
176 123
176 124
176 125
176 126
176 127
176 128
176 130
176 132
176 137
176 141
176 142
176 144
176 145
176 147
176 149
176 151
176 155
176 156
176 158
176 163
176 167
176 170
176 172
176 174
176 175
176 176
176 180
176 181
176 182
176 183
176 185
176 186
176 188
176 189
176 191
176 192
176 193
176 195
176 198
177 0
177 1
177 4
177 6
177 8
177 11
177 12
177 14
177 15
177 17
177 20
177 21
177 22
177 23
177 25
177 26
177 29
177 33
177 35
177 41
177 43
177 44
177 50
177 52
177 54
177 56
177 58
177 63
177 64
177 68
177 72
177 73
177 75
177 77
177 85
177 88
177 91
177 97
177 98
177 99
177 102
177 105
177 106
177 107
177 108
177 110
177 112
177 115
177 116
177 117
177 118
177 120
177 123
177 127
177 128
177 129
177 130
177 131
177 134
177 137
177 139
177 140
177 142
177 144
177 148
177 150
177 152
177 155
177 157
177 159
177 160
177 163
177 165
177 166
177 167
177 169
177 172
177 175
177 177
177 178
177 179
177 180
177 183
177 184
177 187
177 189
177 191
177 193
177 194
177 197
177 198
177 199
178 1
178 4
178 6
178 7
178 11
178 15
178 16
178 17
178 18
178 20
178 23
178 24
178 25
178 26
178 29
178 31
178 32
178 35
178 37
178 38
178 39
178 41
178 43
178 46
178 48
178 50
178 51
178 55
178 56
178 60
178 61
178 62
178 63
178 64
178 67
178 68
178 75
178 77
178 79
178 82
178 87
178 88
178 91
178 93
178 94
178 95
178 96
178 97
178 101
178 102
178 104
178 105
178 106
178 107
178 108
178 110
178 113
178 114
178 115
178 116
178 117
178 118
178 120
178 124
178 125
178 126
178 129
178 131
178 132
178 134
178 135
178 136
178 139
178 142
178 143
178 146
178 147
178 148
178 150
178 151
178 154
178 158
178 159
178 160
178 162
178 163
178 164
178 165
178 166
178 167
178 169
178 171
178 173
178 175
178 178
178 179
178 181
178 182
178 185
178 187
178 190
178 191
178 192
178 193
178 196
178 197
178 199
179 0
179 1
179 6
179 8
179 9
179 12
179 13
179 14
179 21
179 24
179 25
179 27
179 30
179 33
179 34
179 36
179 40
179 41
179 43
179 44
179 45
179 49
179 50
179 52
179 53
179 54
179 55
179 56
179 57
179 60
179 61
179 63
179 66
179 67
179 68
179 70
179 72
179 73
179 74
179 75
179 78
179 80
179 85
179 86
179 87
179 88
179 89
179 90
179 91
179 94
179 95
179 96
179 102
179 103
179 104
179 105
179 106
179 108
179 112
179 113
179 114
179 115
179 116
179 117
179 119
179 121
179 122
179 125
179 128
179 129
179 130
179 131
179 133
179 136
179 137
179 142
179 143
179 144
179 145
179 147
179 148
179 149
179 151
179 155
179 159
179 160
179 162
179 163
179 164
179 165
179 166
179 169
179 172
179 173
179 174
179 175
179 176
179 177
179 179
179 180
179 181
179 184
179 187
179 188
179 190
179 192
179 196
180 0
180 3
180 4
180 5
180 6
180 8
180 10
180 11
180 12
180 13
180 15
180 18
180 19
180 22
180 23
180 27
180 28
180 31
180 39
180 41
180 42
180 44
180 45
180 50
180 55
180 57
180 58
180 59
180 60
180 61
180 62
180 63
180 64
180 65
180 68
180 69
180 70
180 72
180 73
180 74
180 76
180 83
180 84
180 85
180 89
180 91
180 92
180 95
180 96
180 99
180 102
180 110
180 111
180 112
180 113
180 118
180 119
180 120
180 122
180 123
180 125
180 127
180 130
180 131
180 133
180 134
180 136
180 137
180 139
180 142
180 145
180 149
180 151
180 152
180 153
180 159
180 160
180 161
180 163
180 164
180 165
180 166
180 167
180 168
180 169
180 173
180 174
180 175
180 178
180 181
180 182
180 185
180 186
180 188
180 189
180 192
180 193
180 195
180 197
180 198
181 1
181 2
181 3
181 4
181 5
181 7
181 10
181 11
181 13
181 15
181 17
181 18
181 19
181 20
181 21
181 23
181 24
181 25
181 28
181 31
181 32
181 34
181 36
181 40
181 42
181 43
181 45
181 46
181 48
181 50
181 51
181 52
181 53
181 54
181 56
181 62
181 64
181 68
181 69
181 72
181 74
181 75
181 76
181 77
181 79
181 81
181 83
181 84
181 85
181 89
181 96
181 97
181 100
181 101
181 102
181 103
181 105
181 106
181 107
181 108
181 111
181 112
181 115
181 116
181 118
181 119
181 122
181 123
181 126
181 127
181 129
181 130
181 133
181 134
181 136
181 138
181 139
181 140
181 141
181 142
181 146
181 147
181 149
181 150
181 153
181 156
181 157
181 159
181 164
181 165
181 167
181 168
181 169
181 173
181 174
181 175
181 180
181 183
181 184
181 185
181 187
181 192
181 194
181 195
181 197
181 198
182 4
182 5
182 6
182 7
182 10
182 11
182 13
182 14
182 15
182 20
182 23
182 25
182 26
182 27
182 28
182 31
182 32
182 33
182 36
182 37
182 42
182 44
182 45
182 47
182 50
182 51
182 52
182 54
182 55
182 56
182 62
182 64
182 67
182 68
182 69
182 74
182 75
182 79
182 83
182 85
182 90
182 93
182 95
182 96
182 97
182 98
182 99
182 104
182 105
182 106
182 107
182 110
182 113
182 117
182 119
182 120
182 125
182 127
182 128
182 129
182 133
182 134
182 135
182 137
182 141
182 142
182 148
182 149
182 152
182 153
182 156
182 157
182 159
182 164
182 169
182 170
182 171
182 172
182 174
182 175
182 179
182 180
182 184
182 185
182 187
182 191
182 192
182 193
182 195
182 196
182 197
182 198
183 4
183 5
183 7
183 8
183 9
183 14
183 15
183 16
183 18
183 22
183 23
183 24
183 25
183 26
183 27
183 28
183 29
183 30
183 31
183 33
183 36
183 37
183 38
183 39
183 43
183 44
183 45
183 46
183 48
183 49
183 50
183 51
183 53
183 56
183 59
183 60
183 61
183 64
183 65
183 67
183 69
183 72
183 73
183 74
183 75
183 76
183 83
183 87
183 88
183 89
183 90
183 92
183 93
183 96
183 99
183 100
183 102
183 104
183 105
183 106
183 110
183 111
183 113
183 116
183 117
183 118
183 120
183 121
183 122
183 126
183 127
183 129
183 130
183 132
183 133
183 134
183 135
183 136
183 137
183 138
183 139
183 140
183 142
183 143
183 144
183 146
183 152
183 153
183 154
183 155
183 157
183 158
183 162
183 166
183 170
183 171
183 172
183 173
183 174
183 176
183 178
183 179
183 182
183 184
183 186
183 187
183 191
183 193
183 196
183 198
184 1
184 2
184 3
184 6
184 7
184 8
184 11
184 15
184 16
184 18
184 20
184 21
184 23
184 24
184 27
184 28
184 29
184 31
184 32
184 33
184 41
184 42
184 48
184 49
184 50
184 54
184 57
184 67
184 68
184 70
184 72
184 73
184 75
184 77
184 79
184 80
184 81
184 82
184 85
184 86
184 88
184 89
184 90
184 92
184 96
184 97
184 99
184 101
184 104
184 105
184 106
184 108
184 109
184 111
184 113
184 114
184 115
184 117
184 118
184 119
184 120
184 121
184 122
184 125
184 129
184 130
184 132
184 133
184 134
184 135
184 137
184 140
184 141
184 142
184 143
184 144
184 145
184 146
184 147
184 150
184 151
184 152
184 154
184 156
184 157
184 158
184 162
184 164
184 165
184 174
184 178
184 181
184 183
184 184
184 185
184 186
184 190
184 191
184 192
184 194
184 195
184 198
184 199
185 0
185 1
185 2
185 4
185 5
185 9
185 10
185 14
185 23
185 24
185 25
185 26
185 27
185 30
185 32
185 36
185 40
185 41
185 43
185 45
185 47
185 48
185 52
185 54
185 55
185 56
185 64
185 66
185 67
185 69
185 72
185 74
185 75
185 77
185 78
185 80
185 81
185 82
185 85
185 89
185 90
185 96
185 99
185 101
185 104
185 112
185 115
185 117
185 119
185 120
185 121
185 122
185 123
185 127
185 128
185 130
185 131
185 136
185 142
185 143
185 145
185 146
185 147
185 149
185 151
185 153
185 155
185 161
185 165
185 167
185 168
185 171
185 174
185 175
185 176
185 181
185 185
185 186
185 191
185 195
185 196
185 197
185 199
186 0
186 3
186 4
186 5
186 8
186 9
186 10
186 12
186 14
186 15
186 17
186 18
186 19
186 20
186 21
186 22
186 25
186 26
186 27
186 31
186 32
186 33
186 35
186 36
186 37
186 38
186 39
186 40
186 44
186 46
186 48
186 49
186 54
186 56
186 58
186 61
186 62
186 63
186 68
186 72
186 74
186 77
186 79
186 80
186 81
186 85
186 88
186 89
186 92
186 96
186 98
186 99
186 102
186 104
186 105
186 108
186 109
186 110
186 114
186 115
186 116
186 118
186 119
186 123
186 126
186 127
186 128
186 129
186 130
186 133
186 134
186 135
186 136
186 137
186 139
186 141
186 144
186 145
186 146
186 152
186 153
186 154
186 155
186 156
186 157
186 158
186 162
186 164
186 165
186 167
186 172
186 173
186 181
186 183
186 184
186 185
186 188
186 189
186 190
186 199
187 0
187 1
187 2
187 3
187 4
187 5
187 6
187 10
187 11
187 13
187 14
187 21
187 22
187 23
187 25
187 28
187 34
187 35
187 36
187 37
187 39
187 41
187 42
187 43
187 44
187 45
187 46
187 49
187 50
187 52
187 56
187 66
187 69
187 75
187 78
187 79
187 80
187 82
187 84
187 85
187 87
187 89
187 92
187 93
187 96
187 97
187 101
187 103
187 104
187 107
187 110
187 111
187 113
187 116
187 118
187 123
187 126
187 127
187 128
187 129
187 130
187 131
187 132
187 134
187 135
187 136
187 137
187 140
187 142
187 146
187 147
187 148
187 149
187 151
187 152
187 153
187 155
187 156
187 157
187 158
187 159
187 160
187 161
187 163
187 164
187 165
187 167
187 169
187 170
187 171
187 172
187 173
187 180
187 181
187 184
187 185
187 187
187 188
187 190
187 192
187 193
187 194
187 197
187 198
188 0
188 6
188 9
188 11
188 12
188 13
188 16
188 18
188 19
188 20
188 21
188 22
188 23
188 27
188 28
188 29
188 30
188 31
188 32
188 34
188 36
188 38
188 42
188 43
188 44
188 45
188 46
188 50
188 51
188 54
188 55
188 57
188 58
188 59
188 63
188 66
188 67
188 68
188 69
188 70
188 71
188 74
188 75
188 77
188 79
188 80
188 83
188 84
188 86
188 89
188 91
188 92
188 94
188 95
188 96
188 97
188 99
188 100
188 105
188 106
188 107
188 108
188 110
188 113
188 119
188 121
188 123
188 126
188 127
188 128
188 130
188 133
188 134
188 135
188 137
188 140
188 144
188 145
188 146
188 151
188 153
188 155
188 158
188 161
188 162
188 163
188 164
188 167
188 168
188 169
188 171
188 178
188 181
188 183
188 185
188 187
188 189
188 190
188 191
188 193
188 195
188 196
188 197
188 199
189 1
189 4
189 6
189 8
189 9
189 10
189 11
189 13
189 15
189 17
189 18
189 19
189 20
189 21
189 22
189 24
189 25
189 26
189 27
189 29
189 32
189 33
189 34
189 39
189 43
189 44
189 50
189 52
189 57
189 58
189 59
189 60
189 62
189 66
189 68
189 70
189 71
189 72
189 73
189 75
189 76
189 77
189 78
189 79
189 80
189 81
189 82
189 84
189 87
189 89
189 91
189 94
189 95
189 96
189 98
189 101
189 102
189 103
189 104
189 105
189 106
189 108
189 111
189 112
189 113
189 114
189 115
189 116
189 117
189 121
189 122
189 123
189 126
189 127
189 128
189 129
189 134
189 135
189 139
189 142
189 143
189 146
189 150
189 151
189 152
189 154
189 157
189 158
189 159
189 162
189 163
189 164
189 165
189 166
189 167
189 168
189 170
189 173
189 178
189 180
189 183
189 185
189 186
189 188
189 191
189 192
189 193
189 194
189 197
189 199
190 3
190 5
190 8
190 9
190 11
190 12
190 15
190 17
190 19
190 21
190 23
190 25
190 27
190 28
190 29
190 31
190 34
190 35
190 36
190 37
190 38
190 40
190 45
190 47
190 48
190 49
190 50
190 51
190 52
190 54
190 55
190 57
190 58
190 60
190 62
190 64
190 65
190 66
190 67
190 68
190 69
190 72
190 73
190 80
190 82
190 83
190 85
190 87
190 89
190 94
190 102
190 103
190 104
190 105
190 107
190 109
190 110
190 111
190 115
190 119
190 121
190 123
190 124
190 126
190 128
190 129
190 132
190 133
190 135
190 139
190 140
190 143
190 144
190 145
190 146
190 147
190 148
190 149
190 152
190 153
190 155
190 156
190 159
190 160
190 161
190 164
190 166
190 167
190 168
190 169
190 176
190 177
190 178
190 179
190 180
190 181
190 182
190 186
190 189
190 191
190 192
190 193
190 195
190 197
190 199
191 4
191 5
191 7
191 8
191 10
191 12
191 13
191 14
191 18
191 20
191 22
191 23
191 25
191 26
191 27
191 29
191 33
191 34
191 35
191 36
191 38
191 42
191 43
191 44
191 45
191 46
191 48
191 49
191 50
191 51
191 52
191 53
191 54
191 59
191 61
191 63
191 64
191 66
191 73
191 74
191 76
191 77
191 80
191 81
191 82
191 83
191 86
191 87
191 91
191 92
191 94
191 95
191 96
191 97
191 98
191 99
191 100
191 101
191 102
191 107
191 110
191 112
191 113
191 114
191 115
191 116
191 117
191 120
191 121
191 126
191 128
191 131
191 132
191 133
191 136
191 139
191 143
191 145
191 147
191 148
191 151
191 155
191 156
191 157
191 161
191 163
191 164
191 170
191 172
191 173
191 174
191 176
191 178
191 182
191 185
191 186
191 190
191 193
191 195
191 197
192 1
192 2
192 3
192 7
192 9
192 10
192 11
192 13
192 15
192 16
192 17
192 23
192 24
192 28
192 30
192 32
192 34
192 35
192 38
192 39
192 40
192 41
192 42
192 43
192 44
192 54
192 56
192 58
192 59
192 63
192 64
192 69
192 70
192 71
192 73
192 76
192 78
192 82
192 83
192 84
192 86
192 87
192 89
192 90
192 96
192 97
192 101
192 103
192 107
192 108
192 109
192 110
192 111
192 112
192 113
192 115
192 116
192 117
192 118
192 119
192 120
192 122
192 125
192 126
192 132
192 133
192 135
192 136
192 138
192 139
192 140
192 142
192 143
192 145
192 146
192 149
192 150
192 151
192 152
192 153
192 154
192 155
192 158
192 160
192 162
192 163
192 165
192 167
192 168
192 169
192 170
192 172
192 173
192 174
192 175
192 177
192 178
192 179
192 182
192 185
192 189
192 191
192 192
192 194
192 196
192 197
193 1
193 4
193 6
193 9
193 11
193 16
193 17
193 18
193 19
193 21
193 23
193 26
193 27
193 30
193 32
193 34
193 37
193 38
193 40
193 41
193 43
193 46
193 52
193 56
193 57
193 65
193 66
193 69
193 71
193 72
193 73
193 74
193 76
193 77
193 78
193 79
193 81
193 84
193 86
193 88
193 90
193 92
193 94
193 98
193 100
193 101
193 104
193 105
193 106
193 108
193 109
193 111
193 114
193 115
193 117
193 118
193 121
193 127
193 129
193 131
193 133
193 137
193 139
193 140
193 143
193 146
193 147
193 155
193 164
193 165
193 166
193 167
193 168
193 169
193 171
193 172
193 173
193 174
193 176
193 178
193 182
193 185
193 188
193 190
193 191
193 193
193 194
193 195
193 197
194 1
194 2
194 3
194 4
194 5
194 6
194 9
194 10
194 11
194 17
194 18
194 19
194 20
194 21
194 26
194 28
194 30
194 33
194 37
194 38
194 42
194 46
194 48
194 50
194 52
194 53
194 56
194 61
194 63
194 65
194 66
194 68
194 69
194 70
194 73
194 75
194 76
194 77
194 78
194 79
194 83
194 86
194 88
194 89
194 90
194 92
194 94
194 95
194 96
194 97
194 103
194 109
194 112
194 113
194 115
194 116
194 117
194 118
194 119
194 120
194 121
194 122
194 125
194 126
194 128
194 129
194 130
194 131
194 133
194 135
194 138
194 143
194 144
194 147
194 148
194 151
194 153
194 154
194 155
194 157
194 158
194 160
194 164
194 165
194 166
194 168
194 172
194 174
194 175
194 180
194 181
194 182
194 183
194 186
194 187
194 188
194 189
194 190
194 192
194 193
194 195
194 196
194 197
195 1
195 2
195 4
195 10
195 13
195 16
195 17
195 18
195 19
195 20
195 22
195 24
195 29
195 33
195 35
195 36
195 37
195 38
195 39
195 43
195 44
195 46
195 47
195 48
195 51
195 52
195 56
195 57
195 60
195 61
195 63
195 70
195 71
195 75
195 77
195 79
195 80
195 82
195 87
195 88
195 90
195 91
195 94
195 98
195 99
195 101
195 103
195 105
195 106
195 107
195 108
195 111
195 113
195 115
195 121
195 122
195 126
195 127
195 130
195 136
195 137
195 138
195 140
195 141
195 142
195 144
195 148
195 152
195 153
195 156
195 157
195 159
195 160
195 161
195 164
195 165
195 166
195 167
195 174
195 177
195 180
195 181
195 183
195 185
195 187
195 189
195 190
195 191
195 193
195 197
195 199
196 1
196 3
196 8
196 9
196 10
196 11
196 16
196 17
196 19
196 21
196 23
196 24
196 25
196 31
196 32
196 33
196 34
196 36
196 38
196 40
196 42
196 47
196 50
196 51
196 52
196 54
196 58
196 59
196 60
196 65
196 69
196 72
196 74
196 77
196 80
196 81
196 83
196 85
196 86
196 89
196 90
196 94
196 96
196 97
196 98
196 99
196 100
196 101
196 102
196 103
196 105
196 107
196 108
196 110
196 111
196 113
196 120
196 122
196 124
196 125
196 126
196 128
196 132
196 133
196 134
196 135
196 137
196 140
196 141
196 142
196 144
196 145
196 146
196 147
196 149
196 152
196 153
196 154
196 155
196 160
196 162
196 163
196 164
196 165
196 166
196 168
196 170
196 171
196 172
196 173
196 175
196 179
196 180
196 181
196 182
196 183
196 184
196 185
196 186
196 187
196 191
196 193
196 195
196 197
196 198
196 199
197 1
197 2
197 4
197 5
197 7
197 9
197 11
197 14
197 15
197 16
197 17
197 19
197 23
197 24
197 26
197 27
197 33
197 37
197 38
197 40
197 42
197 44
197 45
197 46
197 47
197 48
197 54
197 55
197 57
197 58
197 62
197 63
197 64
197 66
197 74
197 75
197 76
197 79
197 80
197 81
197 82
197 86
197 88
197 90
197 93
197 94
197 95
197 96
197 99
197 100
197 101
197 103
197 104
197 105
197 109
197 113
197 114
197 115
197 116
197 117
197 118
197 119
197 123
197 125
197 126
197 127
197 130
197 135
197 138
197 141
197 142
197 143
197 144
197 145
197 146
197 147
197 148
197 149
197 150
197 154
197 155
197 159
197 162
197 163
197 164
197 165
197 169
197 170
197 171
197 172
197 174
197 176
197 177
197 178
197 179
197 180
197 182
197 185
197 186
197 187
197 190
197 192
197 194
198 1
198 3
198 4
198 7
198 9
198 10
198 11
198 12
198 13
198 14
198 16
198 17
198 18
198 22
198 32
198 33
198 35
198 36
198 37
198 38
198 39
198 40
198 41
198 43
198 48
198 49
198 50
198 52
198 55
198 56
198 57
198 58
198 62
198 64
198 65
198 66
198 67
198 68
198 70
198 73
198 78
198 81
198 84
198 85
198 86
198 87
198 89
198 93
198 94
198 96
198 97
198 98
198 102
198 105
198 106
198 107
198 109
198 110
198 111
198 112
198 113
198 114
198 116
198 117
198 118
198 119
198 124
198 126
198 127
198 129
198 131
198 133
198 134
198 138
198 142
198 143
198 144
198 145
198 148
198 149
198 151
198 152
198 153
198 154
198 155
198 156
198 157
198 159
198 160
198 163
198 165
198 167
198 168
198 169
198 171
198 175
198 180
198 182
198 183
198 184
198 185
198 186
198 189
198 191
198 192
198 195
198 196
198 198
199 2
199 3
199 4
199 5
199 6
199 7
199 8
199 10
199 12
199 13
199 15
199 16
199 19
199 21
199 25
199 26
199 28
199 30
199 31
199 32
199 34
199 35
199 36
199 37
199 38
199 39
199 40
199 43
199 47
199 50
199 51
199 52
199 54
199 58
199 60
199 61
199 66
199 67
199 68
199 72
199 73
199 74
199 77
199 78
199 79
199 80
199 82
199 83
199 85
199 86
199 87
199 88
199 94
199 95
199 96
199 101
199 103
199 105
199 107
199 108
199 114
199 115
199 116
199 118
199 120
199 123
199 129
199 132
199 134
199 136
199 137
199 142
199 146
199 148
199 149
199 154
199 158
199 159
199 161
199 166
199 167
199 172
199 173
199 174
199 176
199 177
199 178
199 179
199 180
199 181
199 183
199 184
199 186
199 187
199 189
199 190
199 191
199 192
199 194
199 195
199 198
199 199
